date,mean_temp,max_temp,min_temp,dew_point,avg_humidity,max_humidity,min_humidity,precipitation,sea_level_pressure,wind_speed,max_wind_speed,visibility
2013-10-01,10,14,6,9,90,100,67,0.0,1010.67,2,7,8.1
2013-10-10,14,16,11,12,93,100,82,0.0,1010.69,3,15,6.1
2013-10-11,10,15,5,9,86,100,59,0.0,1012.35,9,17,9.4
2013-10-12,8,12,4,8,96,100,88,0.0,1019.71,4,11,8.6
2013-10-13,12,18,6,9,89,100,56,0.0,1021.65,3,7,8.9
2013-10-14,8,13,4,7,95,100,82,0.0,1021.29,2,6,7.5
2013-10-15,12,18,5,8,85,100,59,0.0,1015.29,4,18,8.8
2013-10-16,12,18,7,6,70,94,30,0.0,1008.65,5,18,10.0
2013-10-17,9,18,0,3,74,93,37,0.0,1015.58,4,13,10.0
2013-10-18,10,18,1,5,84,100,42,0.0,1017.81,2,7,9.1
2013-10-19,10,17,2,6,84,100,59,0.0,1022.60,2,9,10.0
2013-10-02,12,15,8,6,76,94,55,0.0,1018.73,5,20,9.5
2013-10-20,12,18,6,9,83,100,64,0.0,1023.40,8,15,10.0
2013-10-21,14,18,10,13,94,100,83,0.0,1022.65,3,11,9.2
2013-10-22,14,19,10,12,89,100,73,0.0,1020.77,5,20,9.6
2013-10-23,16,19,12,13,85,100,73,0.0,1019.50,5,13,10.0
2013-10-24,14,17,12,13,96,100,88,0.0,1021.15,2,7,8.7
2013-10-25,15,20,10,13,89,100,60,0.0,1021.77,3,15,5.1
2013-10-26,15,21,9,11,86,100,60,0.0,1021.65,4,13,10.0
2013-10-27,13,19,7,10,85,100,64,0.0,1019.40,4,18,9.4
2013-10-28,17,20,14,13,79,100,68,0.0,1016.06,5,17,10.0
2013-10-29,16,20,12,13,88,100,68,0.0,1015.56,5,17,10.0
2013-10-03,8,10,7,3,71,81,58,0.0,1027.77,7,15,10.0
2013-10-30,12,14,10,10,88,100,77,0.0,1022.08,5,11,10.0
2013-10-31,12,14,9,8,84,100,59,0.0,1026.21,2,7,10.0
2013-10-04,8,11,4,2,69,93,47,0.0,1029.32,3,9,10.0
2013-10-05,6,9,3,5,88,100,71,0.0,1023.62,1,4,10.0
2013-10-06,10,15,6,8,86,100,72,0.0,1023.13,1,6,8.9
2013-10-07,12,14,11,10,89,100,72,0.0,1025.75,2,7,7.6
2013-10-08,14,16,11,10,85,100,63,0.0,1025.08,2,9,9.3
2013-10-09,12,15,9,10,89,100,72,0.0,1019.92,2,4,6.5
2013-11-01,10,16,3,6,85,100,55,0.0,1021.92,2,6,10.0
2013-11-10,6,8,5,5,93,100,76,0.0,1007.69,7,24,9.4
2013-11-11,9,11,7,-0,55,76,38,0.0,1015.06,17,35,10.0
2013-11-12,6,8,5,3,79,87,71,0.0,1025.35,3,6,10.0
2013-11-13,7,8,6,5,87,93,76,0.0,1024.27,1,7,9.5
2013-11-14,6,7,5,4,89,93,81,0.0,1020.65,2,7,8.3
2013-11-15,5,6,4,4,95,100,87,0.0,1022.21,3,11,8.6
2013-11-16,8,12,3,4,89,100,62,0.0,1027.00,3,9,9.2
2013-11-17,4,8,0,4,90,100,76,0.0,1023.96,2,7,8.8
2013-11-18,8,11,4,5,90,100,71,0.0,1017.98,1,6,8.0
2013-11-19,7,8,6,6,97,100,87,0.0,1008.31,3,7,3.5
2013-11-02,10,15,5,9,89,100,72,0.0,1015.54,3,11,10.0
2013-11-20,6,8,4,5,94,100,87,0.0,1002.38,4,11,7.3
2013-11-21,6,9,2,5,96,100,82,0.0,1000.69,4,15,4.9
2013-11-22,4,5,3,4,96,100,87,0.0,1002.33,4,7,7.6
2013-11-23,6,7,4,5,97,100,93,0.0,1002.85,4,7,7.3
2013-11-24,6,8,4,5,93,100,81,0.0,1006.96,3,9,8.7
2013-11-25,5,8,2,-10,37,100,24,0.0,1014.42,16,33,9.9
2013-11-26,2,5,-2,-13,34,59,22,0.0,1020.08,13,28,10.0
2013-11-27,-0,5,-6,-9,59,86,35,0.0,1025.40,5,13,10.0
2013-11-28,-2,5,-8,-7,75,93,42,0.0,1028.56,2,7,10.0
2013-11-29,-0,7,-8,-6,76,100,37,0.0,1022.81,2,7,10.0
2013-11-03,12,15,9,11,89,100,72,0.0,1008.96,7,17,9.7
2013-11-30,0,3,-3,-3,84,93,70,0.0,1017.77,3,11,9.4
2013-11-04,8,10,7,7,93,100,87,0.0,1005.83,5,11,8.5
2013-11-05,9,10,8,8,95,100,87,0.0,998.40,4,15,7.6
2013-11-06,8,11,4,6,94,100,82,0.0,1005.98,2,7,6.6
2013-11-07,8,11,5,6,95,100,82,0.0,1015.58,3,15,4.7
2013-11-08,12,14,9,10,91,100,82,0.0,1016.29,3,11,9.9
2013-11-09,12,16,6,11,93,100,82,0.0,1011.94,4,24,8.4
2013-12-01,1,7,-5,-4,81,100,49,0.0,1024.88,4,15,9.1
2013-12-10,4,11,-2,-1,87,100,54,0.0,1034.17,3,11,8.7
2013-12-11,3,7,-1,1,90,100,81,0.0,1035.37,1,7,10.0
2013-12-12,0,3,-3,-0,93,100,87,0.0,1032.10,1,6,6.2
2013-12-13,-2,-1,-3,-2,99,100,93,0.0,1026.52,2,4,0.3
2013-12-14,-2,-2,-3,-3,97,100,93,0.0,1027.50,2,6,0.5
2013-12-15,-2,-2,-3,-3,97,100,93,0.0,1034.00,2,6,1.2
2013-12-16,-3,-2,-4,-4,98,100,93,0.0,1035.62,1,4,0.5
2013-12-17,-4,-3,-5,-5,96,100,93,0.0,1033.52,1,4,0.3
2013-12-18,-5,-4,-6,-6,97,100,93,0.0,1027.48,2,7,0.9
2013-12-19,-2,2,-6,-3,96,100,93,0.0,1021.60,4,9,4.7
2013-12-02,2,9,-6,-5,81,100,46,0.0,1030.23,5,11,n/a
2013-12-20,2,7,-3,0,94,100,81,0.0,1026.02,5,13,7.7
2013-12-21,3,5,1,3,99,100,93,0.0,1034.44,2,6,3.9
2013-12-22,6,9,2,5,93,100,82,0.0,1029.54,3,18,6.0
2013-12-23,5,9,1,5,96,100,82,0.0,1024.81,2,7,7.3
2013-12-24,8,10,6,5,87,100,66,0.0,1018.94,4,11,9.7
2013-12-25,8,10,7,6,86,93,76,0.0,1008.38,4,13,10.0
2013-12-26,8,10,7,7,88,93,76,0.0,998.08,8,17,9.8
2013-12-27,8,9,6,6,93,100,76,0.0,1008.90,5,13,10.0
2013-12-28,4,6,2,3,99,100,93,0.0,1014.62,2,7,2.0
2013-12-29,6,8,4,5,96,100,87,0.0,1017.58,3,17,5.8
2013-12-03,0,6,-6,-5,83,100,53,0.0,1032.62,3,7,10.0
2013-12-30,4,5,3,3,95,100,81,0.0,1026.83,2,7,8.2
2013-12-31,4,4,3,3,96,100,87,0.0,1022.69,1,4,5.7
2013-12-04,-2,4,-8,-6,88,93,65,0.0,1024.79,2,7,7.4
2013-12-05,-2,5,-8,-5,87,100,61,0.0,1022.75,1,7,6.9
2013-12-06,0,8,-7,-4,85,100,57,0.0,1012.33,3,7,8.5
2013-12-07,0,6,-6,-4,87,100,49,0.0,1021.44,2,11,5.3
2013-12-08,-2,2,-7,-5,89,93,75,0.0,1027.27,2,6,9.4
2013-12-09,0,5,-4,-3,91,100,75,0.0,1027.31,2,11,8.2
2013-01-01,-0,3,-4,-3,94,100,75,0.0,1016.50,2,7,3.3
2013-01-10,3,8,-2,1,89,100,66,0.0,1011.08,3,9,9.3
2013-01-11,2,8,-3,-1,90,100,66,0.0,1008.85,2,13,8.8
2013-01-12,0,3,-3,-4,75,93,52,0.0,1015.77,5,11,10.0
2013-01-13,-1,0,-2,-3,90,100,80,0.0,1014.00,2,7,6.0
2013-01-14,-2,-1,-3,-3,94,100,86,0.0,1011.15,2,6,2.8
2013-01-15,-1,0,-2,-2,95,100,87,0.0,1008.55,2,6,2.5
2013-01-16,-2,0,-3,-2,96,100,93,0.0,1000.48,3,7,2.3
2013-01-17,-0,2,-3,-2,95,100,81,0.0,1000.27,2,7,5.4
2013-01-18,-2,0,-3,-2,94,100,87,0.0,1000.50,3,9,6.1
2013-01-19,-2,0,-3,-2,94,100,80,0.0,999.71,1,7,5.3
2013-01-02,2,4,0,1,94,100,81,0.0,1021.92,4,11,6.5
2013-01-20,1,2,0,0,96,100,87,0.0,997.73,4,13,2.3
2013-01-21,2,4,0,1,98,100,93,0.0,994.71,2,7,1.0
2013-01-22,2,3,0,1,97,100,87,0.0,1001.54,1,4,3.7
2013-01-23,1,4,-2,-0,96,100,81,0.0,1006.89,2,9,3.5
2013-01-24,0,2,-1,0,97,100,93,0.0,1003.17,3,9,5.9
2013-01-25,-2,1,-4,-4,83,100,70,0.0,1009.17,5,18,9.7
2013-01-26,-4,1,-9,-8,78,93,52,0.0,1013.63,6,17,8.8
2013-01-27,-5,1,-11,-8,81,93,56,0.0,1013.96,2,11,6.8
2013-01-28,-1,3,-5,-3,87,100,65,0.0,1014.23,2,7,8.3
2013-01-29,2,6,-3,-1,85,100,61,0.0,1020.25,1,7,7.4
2013-01-03,2,6,-2,1,96,100,81,0.0,1032.15,2,7,4.3
2013-01-30,1,6,-4,-3,86,100,66,0.0,1017.40,3,7,9.0
2013-01-31,2,9,-5,-2,85,100,58,0.0,1017.02,4,9,8.4
2013-01-04,0,3,-2,-1,97,100,93,0.0,1027.44,2,9,8.9
2013-01-05,7,16,-2,-1,67,100,25,0.0,1019.60,5,20,9.3
2013-01-06,4,9,-1,0,89,100,66,0.0,1020.56,3,7,10.0
2013-01-07,0,2,-2,-0,97,100,93,0.0,1023.06,3,15,4.9
2013-01-08,1,4,-2,-1,91,100,70,0.0,1025.02,2,6,9.9
2013-01-09,2,6,-1,0,91,100,76,0.0,1020.60,2,7,9.1
2013-02-01,-2,3,-6,-3,88,100,75,0.0,1009.81,4,11,9.1
2013-02-10,-6,0,-11,-6,91,100,69,0.0,1011.90,2,7,5.0
2013-02-11,-8,-3,-13,-8,92,100,85,0.0,1008.39,1,6,3.9
2013-02-12,-3,1,-7,-3,93,100,80,0.0,1005.25,3,6,3.2
2013-02-13,-3,1,-7,-4,95,100,93,0.0,1012.63,3,9,2.7
2013-02-14,1,4,-2,-1,92,100,70,0.0,1017.98,1,7,4.0
2013-02-15,0,3,-3,-1,95,100,75,0.0,1016.85,1,6,2.1
2013-02-16,2,6,-2,-1,91,100,70,0.0,1020.96,2,7,5.1
2013-02-17,2,4,-1,-1,88,100,65,0.0,1020.50,2,6,7.3
2013-02-18,0,4,-4,-2,84,93,65,0.0,1018.58,2,13,7.2
2013-02-19,-3,3,-9,-5,83,100,60,0.0,1014.23,2,11,8.0
2013-02-02,2,4,1,2,96,100,87,0.0,993.56,8,28,6.1
2013-02-20,-0,3,-4,-3,84,93,75,0.0,1014.04,4,17,9.5
2013-02-21,-2,0,-4,-5,79,93,60,0.0,1014.59,14,22,8.6
2013-02-22,-3,-1,-5,-5,89,100,75,0.0,1006.92,5,13,4.2
2013-02-23,-1,2,-4,-4,90,100,75,0.0,1003.90,2,7,4.2
2013-02-24,-0,1,-2,-1,98,100,93,0.0,1006.54,4,11,1.9
2013-02-25,1,3,-1,-0,97,100,87,0.0,1016.19,2,9,0.7
2013-02-26,2,4,-1,0,95,100,81,0.0,1019.58,3,7,2.0
2013-02-27,2,4,0,1,96,100,81,0.0,1022.81,1,7,2.4
2013-02-28,2,5,0,1,93,100,81,0.0,1024.73,1,4,3.7
2013-02-03,2,7,-3,-5,62,93,31,0.0,1008.08,10,33,10.0
2013-02-04,2,8,-3,-3,74,93,40,0.0,1014.63,3,11,10.0
2013-02-05,2,6,-3,-1,83,100,70,0.0,1009.52,6,15,10.0
2013-02-06,1,3,-2,0,97,100,87,0.0,998.33,4,9,4.1
2013-02-07,-3,0,-6,-4,91,100,75,0.0,1003.69,4,13,8.5
2013-02-08,-4,1,-9,-6,92,100,75,0.0,1008.73,1,6,7.2
2013-02-09,-3,0,-6,-5,91,100,80,0.0,1011.63,2,6,6.7
2013-03-01,4,11,-2,0,89,100,58,0.0,1018.29,2,7,2.6
2013-03-10,5,7,3,5,97,100,87,0.0,1000.35,4,15,4.5
2013-03-11,7,12,2,4,93,100,62,0.0,999.42,3,7,5.5
2013-03-12,5,7,3,5,95,100,87,0.0,997.98,1,7,6.5
2013-03-13,5,7,3,4,95,100,87,0.0,996.06,3,13,5.4
2013-03-14,2,4,0,-4,69,100,44,0.0,993.94,10,39,10.0
2013-03-15,2,4,-1,-11,45,80,24,0.0,1004.25,13,32,10.0
2013-03-16,-1,5,-7,-9,56,86,31,0.0,1017.27,4,11,10.0
2013-03-17,0,2,-2,-3,77,93,56,0.0,1014.38,2,7,9.6
2013-03-18,0,1,0,0,97,100,93,0.0,998.50,3,11,2.3
2013-03-19,6,12,-1,1,82,100,44,0.0,998.92,5,13,8.3
2013-03-02,2,8,-4,-2,83,100,46,0.0,1020.29,4,15,8.1
2013-03-20,6,13,-2,0,74,100,38,0.0,1006.38,5,13,10.0
2013-03-21,7,13,0,-3,54,93,22,0.0,1008.54,7,20,10.0
2013-03-22,5,13,-3,-5,53,86,23,0.0,1011.94,6,17,10.0
2013-03-23,2,5,-2,-4,70,100,52,0.0,1014.69,6,11,9.1
2013-03-24,-1,1,-3,-2,90,100,81,0.0,1014.85,5,18,4.6
2013-03-25,-4,-2,-5,-5,89,93,80,0.0,1008.42,8,17,3.8
2013-03-26,-2,1,-4,-3,90,100,80,0.0,1003.90,4,15,4.0
2013-03-27,-1,2,-4,-4,80,100,60,0.0,1009.04,2,9,6.9
2013-03-28,0,9,-8,-3,78,100,46,0.0,1011.77,2,7,8.9
2013-03-29,4,6,2,3,98,100,93,0.0,1005.54,2,9,2.0
2013-03-03,0,9,-8,-5,77,100,43,0.0,1018.85,1,7,6.0
2013-03-30,4,6,2,3,96,100,87,0.0,1002.02,2,7,4.9
2013-03-31,4,5,2,3,95,100,87,0.0,999.27,5,11,7.6
2013-03-04,0,8,-8,-5,77,100,46,0.0,1023.02,2,6,10.0
2013-03-05,-0,7,-8,-4,77,93,49,0.0,1022.54,3,9,10.0
2013-03-06,4,6,1,2,92,100,81,0.0,1013.83,4,11,6.5
2013-03-07,4,6,2,3,98,100,93,0.0,1005.96,1,6,0.4
2013-03-08,7,12,2,4,91,100,72,0.0,1003.50,3,15,6.9
2013-03-09,4,9,0,4,97,100,87,0.0,1002.46,3,9,7.4
2013-04-01,2,3,1,0,92,100,75,0.0,1007.56,4,9,7.3
2013-04-10,8,16,1,3,72,93,45,0.0,1009.78,5,18,10.0
2013-04-11,9,17,1,4,72,100,45,0.0,1013.21,4,22,10.0
2013-04-12,10,12,9,9,90,100,67,0.0,1009.92,5,15,9.5
2013-04-13,12,17,6,6,78,100,45,0.0,1018.92,5,18,9.9
2013-04-14,11,21,1,5,66,100,33,0.0,1026.67,4,13,10.0
2013-04-15,13,21,5,6,60,93,38,0.0,1024.31,6,18,10.0
2013-04-16,14,19,10,6,60,82,37,0.0,1023.38,4,18,10.0
2013-04-17,15,23,7,8,69,93,36,0.0,1023.52,3,9,10.0
2013-04-18,16,25,6,9,65,93,36,0.0,1019.69,4,11,10.0
2013-04-19,14,19,10,10,79,94,52,0.0,1016.94,6,26,10.0
2013-04-02,2,3,0,0,97,100,87,0.0,1005.52,2,11,3.4
2013-04-20,12,18,7,8,75,100,45,0.0,1017.96,6,17,10.0
2013-04-21,12,20,5,7,72,94,37,0.0,1016.90,6,24,10.0
2013-04-22,10,13,8,9,92,100,82,0.0,1014.25,7,15,9.7
2013-04-23,14,19,8,8,79,100,40,0.0,1021.10,4,9,9.9
2013-04-24,12,22,2,5,65,100,27,0.0,1027.47,4,18,10.0
2013-04-25,14,25,3,5,58,93,19,0.0,1025.04,3,17,n/a
2013-04-26,15,24,6,6,57,87,29,0.0,1016.85,5,18,10.0
2013-04-27,16,18,13,10,70,88,48,0.0,1008.56,5,9,10.0
2013-04-28,16,21,12,12,78,100,49,0.0,1012.44,5,17,10.0
2013-04-29,16,23,9,11,75,100,50,0.0,1019.10,4,15,10.0
2013-04-03,2,5,0,1,92,100,81,0.0,1006.04,2,11,6.5
2013-04-30,16,25,8,10,67,93,36,0.0,1019.52,6,20,10.0
2013-04-04,5,8,2,2,89,100,66,0.0,1008.85,2,6,7.0
2013-04-05,5,7,3,4,94,100,87,0.0,1003.69,3,9,5.9
2013-04-06,6,7,4,4,90,100,81,0.0,1010.92,3,11,7.7
2013-04-07,6,8,4,0,72,93,53,0.0,1014.08,10,20,9.2
2013-04-08,6,9,2,-1,68,87,43,0.0,1010.38,7,20,10.0
2013-04-09,8,13,4,3,72,100,51,0.0,1007.31,5,17,10.0
2013-05-01,18,28,9,11,64,94,35,0.0,1019.35,3,9,10.0
2013-05-10,16,22,10,13,86,100,60,0.0,1012.73,2,13,10.0
2013-05-11,13,15,11,11,92,100,82,0.0,1012.06,7,20,9.7
2013-05-12,14,17,10,10,85,100,55,0.0,1012.06,4,17,9.7
2013-05-13,14,19,9,5,61,93,28,0.0,1015.02,6,15,10.0
2013-05-14,14,22,6,7,66,93,41,0.0,1014.08,4,15,10.0
2013-05-15,15,24,6,8,67,93,35,0.0,1009.12,3,22,10.0
2013-05-16,12,16,9,11,89,100,72,0.0,1005.58,3,13,10.0
2013-05-17,14,16,12,12,93,100,82,0.0,1004.60,3,11,9.1
2013-05-18,14,20,7,8,70,100,40,0.0,1013.02,7,18,9.1
2013-05-19,14,21,6,9,77,100,43,0.0,1011.64,5,17,10.0
2013-05-02,16,19,14,13,82,100,64,0.0,1015.60,5,11,10.0
2013-05-20,14,19,8,8,74,100,37,0.0,1014.60,6,24,9.8
2013-05-21,14,19,8,8,73,100,45,0.0,1013.56,6,17,10.0
2013-05-22,13,21,5,7,68,93,38,0.0,1006.71,3,9,10.0
2013-05-23,12,14,10,8,78,100,63,0.0,1003.85,6,13,10.0
2013-05-24,8,11,6,6,90,100,76,0.0,1006.98,6,15,8.7
2013-05-25,8,12,5,6,90,100,62,0.0,1008.31,4,15,9.9
2013-05-26,11,15,7,7,83,100,55,0.0,1009.27,4,20,10.0
2013-05-27,14,19,8,7,73,100,43,0.0,1010.04,6,20,10.0
2013-05-28,15,19,11,9,70,94,49,0.0,1008.23,5,17,10.0
2013-05-29,14,19,9,9,79,94,48,0.0,1003.21,5,18,9.8
2013-05-03,18,22,13,12,74,100,46,0.0,1012.46,5,20,9.4
2013-05-30,10,12,9,9,89,94,82,0.0,1002.35,6,11,10.0
2013-05-31,10,12,8,8,91,100,77,0.0,1000.87,5,9,10.0
2013-05-04,19,29,9,12,79,94,40,0.0,1015.48,4,17,10.0
2013-05-05,14,17,12,12,88,100,72,0.0,1020.44,4,13,10.0
2013-05-06,14,17,12,13,95,100,82,0.0,1017.67,2,9,8.7
2013-05-07,18,22,13,14,90,100,64,0.0,1014.48,5,15,10.0
2013-05-08,17,22,12,13,81,100,50,0.0,1015.13,4,20,8.0
2013-05-09,16,24,9,12,76,100,47,0.0,1015.94,6,20,10.0
2013-06-01,13,18,8,9,81,100,55,0.0,1005.17,2,13,8.9
2013-06-10,17,22,12,12,78,100,49,0.0,1008.90,5,22,9.4
2013-06-11,17,23,11,10,70,100,31,0.0,1012.42,4,17,10.0
2013-06-12,17,26,8,8,57,100,29,0.0,1017.85,5,20,10.0
2013-06-13,18,26,9,9,59,94,34,0.0,1019.65,3,11,10.0
2013-06-14,20,28,11,13,68,94,39,0.0,1017.42,5,28,10.0
2013-06-15,21,29,13,15,67,94,37,0.0,1016.31,4,13,10.0
2013-06-16,22,30,15,16,66,94,40,0.0,1017.10,4,11,10.0
2013-06-17,24,32,16,17,66,94,40,0.0,1017.63,3,13,10.0
2013-06-18,25,34,16,17,64,88,28,0.0,1017.40,3,20,10.0
2013-06-19,26,34,18,19,68,94,36,0.0,1017.08,4,17,10.0
2013-06-02,14,18,10,9,77,100,42,0.0,1008.67,9,28,10.0
2013-06-20,24,33,15,16,62,94,31,0.0,1015.67,5,17,10.0
2013-06-21,23,30,16,15,61,94,33,0.0,1014.90,7,15,10.0
2013-06-22,22,29,14,14,62,88,40,0.0,1014.85,5,18,10.0
2013-06-23,22,29,14,14,69,94,42,0.0,1013.40,4,24,10.0
2013-06-24,14,18,11,12,86,94,68,0.0,1013.73,5,18,10.0
2013-06-25,16,21,11,10,76,100,49,0.0,1016.42,6,15,10.0
2013-06-26,14,21,8,10,82,100,46,0.0,1021.90,3,18,10.0
2013-06-27,15,18,12,9,74,100,52,0.0,1022.79,3,11,9.8
2013-06-28,13,18,8,9,74,100,48,0.0,1019.46,3,13,10.0
2013-06-29,15,22,8,9,66,100,35,0.0,1017.83,5,13,10.0
2013-06-03,15,21,9,8,61,87,43,0.0,1014.94,6,15,10.0
2013-06-30,18,24,13,11,66,94,41,0.0,1018.50,4,9,10.0
2013-06-04,14,19,10,10,75,100,52,0.0,1015.00,3,11,10.0
2013-06-05,16,22,10,12,79,100,52,0.0,1016.58,3,18,10.0
2013-06-06,17,22,12,13,86,100,56,0.0,1018.85,4,20,8.4
2013-06-07,18,24,12,13,82,100,53,0.0,1018.44,2,13,9.2
2013-06-08,19,26,12,13,85,100,47,0.0,1016.02,3,17,6.0
2013-06-09,18,26,10,13,84,100,44,0.0,1012.19,4,20,6.9
2013-07-01,18,24,13,11,66,94,44,0.0,1020.13,3,13,10.0
2013-07-10,22,28,15,16,73,94,42,0.0,1015.54,4,22,10.0
2013-07-11,21,26,16,16,84,100,47,0.0,1013.92,6,24,9.7
2013-07-12,20,24,16,14,74,100,50,0.0,1018.50,4,9,9.8
2013-07-13,20,25,14,14,73,100,47,0.0,1018.54,3,9,10.0
2013-07-14,20,26,14,14,70,100,36,0.0,1019.40,3,13,9.6
2013-07-15,20,29,12,14,67,100,35,0.0,1018.85,3,13,10.0
2013-07-16,20,26,14,13,62,94,36,0.0,1022.58,5,17,10.0
2013-07-17,20,27,12,12,64,94,39,0.0,1022.04,3,11,10.0
2013-07-18,20,28,12,13,63,100,37,0.0,1020.92,3,15,10.0
2013-07-19,21,29,13,14,66,94,37,0.0,1018.71,3,11,10.0
2013-07-02,20,28,11,13,67,94,39,0.0,1018.23,3,11,10.0
2013-07-20,22,30,14,15,61,94,35,0.0,1017.06,7,22,10.0
2013-07-21,23,28,18,15,64,100,42,0.0,1019.58,8,17,10.0
2013-07-22,21,29,13,13,63,94,35,0.0,1018.33,2,11,10.0
2013-07-23,23,32,14,14,63,94,31,0.0,1015.15,3,22,10.0
2013-07-24,22,29,14,15,77,94,48,0.0,1015.75,4,20,10.0
2013-07-25,24,31,16,16,67,94,38,0.0,1016.71,5,11,10.0
2013-07-26,26,34,17,16,59,94,26,0.0,1016.48,3,13,10.0
2013-07-27,26,34,18,17,60,88,34,0.0,1014.19,3,18,10.0
2013-07-28,27,35,19,18,60,94,31,0.0,1014.90,4,18,10.0
2013-07-29,26,34,18,16,66,94,26,0.0,1015.77,7,48,9.6
2013-07-03,20,28,12,14,70,94,39,0.0,1015.75,3,15,10.0
2013-07-30,22,29,15,13,61,94,30,0.0,1017.63,8,26,10.0
2013-07-31,21,31,11,12,58,94,29,0.0,1019.65,3,15,10.0
2013-07-04,20,27,14,15,78,100,48,0.0,1017.81,3,18,10.0
2013-07-05,20,27,14,15,73,100,47,0.0,1022.60,4,22,10.0
2013-07-06,21,28,14,15,74,100,42,0.0,1023.75,4,22,10.0
2013-07-07,22,28,16,16,74,94,51,0.0,1024.85,5,17,10.0
2013-07-08,22,28,16,15,68,94,42,0.0,1024.85,7,20,10.0
2013-07-09,21,28,14,15,66,100,42,0.0,1021.54,6,15,10.0
2013-08-01,22,31,13,14,61,94,35,0.0,1019.77,3,11,10.0
2013-08-10,22,27,16,14,66,94,36,0.0,1016.27,7,17,9.8
2013-08-11,20,28,12,12,60,94,30,0.0,1017.79,3,11,10.0
2013-08-12,20,29,12,11,58,88,30,0.0,1017.17,3,13,10.0
2013-08-13,22,31,12,13,60,94,33,0.0,1015.12,4,17,10.0
2013-08-14,17,20,14,14,90,100,78,0.0,1021.19,4,11,8.8
2013-08-15,18,24,12,11,71,100,38,0.0,1022.87,5,18,8.2
2013-08-16,18,27,9,10,64,94,32,0.0,1021.29,4,11,10.0
2013-08-17,20,29,10,12,65,94,35,0.0,1018.60,3,11,10.0
2013-08-18,21,31,11,12,63,100,24,0.0,1017.75,2,9,10.0
2013-08-19,22,31,12,13,62,94,27,0.0,1015.92,3,30,10.0
2013-08-02,25,35,15,15,57,94,28,0.0,1018.67,3,13,10.0
2013-08-20,19,23,15,11,67,94,40,0.0,1020.56,13,28,10.0
2013-08-21,19,25,13,12,69,100,39,0.0,1022.58,5,18,10.0
2013-08-22,20,26,14,11,60,88,36,0.0,1019.50,5,13,10.0
2013-08-23,18,26,11,13,68,94,44,0.0,1016.92,5,11,10.0
2013-08-24,20,25,14,14,74,100,44,0.0,1014.54,7,20,9.7
2013-08-25,18,20,15,15,87,100,73,0.0,1010.71,8,15,8.5
2013-08-26,17,19,15,15,91,100,73,0.0,1012.54,4,13,9.1
2013-08-27,20,24,15,15,83,100,53,0.0,1012.52,3,11,9.6
2013-08-28,18,22,13,15,90,100,64,0.0,1013.15,4,15,10.0
2013-08-29,18,23,12,13,81,100,43,0.0,1019.94,3,13,8.1
2013-08-03,26,37,14,14,53,94,17,0.0,1017.04,3,15,10.0
2013-08-30,16,24,8,11,74,100,41,0.0,1021.04,2,11,10.0
2013-08-31,18,25,10,11,72,100,36,0.0,1020.46,2,7,10.0
2013-08-04,26,36,16,15,53,88,23,0.0,1018.67,4,15,10.0
2013-08-05,26,34,18,16,55,83,34,0.0,1018.90,5,18,10.0
2013-08-06,28,37,18,17,60,94,27,0.0,1016.23,3,20,10.0
2013-08-07,27,38,16,14,53,88,19,0.0,1014.52,3,18,10.0
2013-08-08,26,37,16,12,46,77,16,0.0,1015.12,4,20,10.0
2013-08-09,25,33,17,14,60,88,29,0.0,1014.06,5,32,10.0
2013-09-01,17,24,10,13,84,100,47,0.0,1021.21,2,11,9.9
2013-09-10,16,18,14,14,91,100,77,0.0,1017.21,4,9,9.1
2013-09-11,14,16,11,11,91,100,77,0.0,1015.46,7,20,9.7
2013-09-12,13,18,8,10,87,100,59,0.0,1015.27,4,13,9.2
2013-09-13,14,19,8,10,85,100,56,0.0,1018.25,3,7,10.0
2013-09-14,14,22,5,9,78,100,46,0.0,1017.46,4,18,10.0
2013-09-15,16,22,9,12,84,100,60,0.0,1013.29,3,13,10.0
2013-09-16,16,23,9,12,80,100,53,0.0,1005.96,4,13,10.0
2013-09-17,12,16,8,10,85,94,63,0.0,1003.35,7,26,9.4
2013-09-18,12,17,6,9,87,100,59,0.0,1005.54,3,13,10.0
2013-09-19,14,20,9,10,79,100,56,0.0,1008.44,6,17,10.0
2013-09-02,16,20,13,13,86,100,56,0.0,1023.79,3,11,8.7
2013-09-20,16,21,11,10,74,94,49,0.0,1016.48,4,7,10.0
2013-09-21,14,20,9,10,80,100,52,0.0,1022.48,2,15,10.0
2013-09-22,14,20,7,9,81,100,49,0.0,1026.23,2,7,10.0
2013-09-23,14,23,6,10,84,100,56,0.0,1020.92,2,7,7.1
2013-09-24,14,22,6,11,88,100,60,0.0,1016.46,1,7,10.0
2013-09-25,16,21,10,13,86,100,64,0.0,1014.05,2,11,9.1
2013-09-26,16,23,9,13,80,100,53,0.0,1013.65,4,18,10.0
2013-09-27,14,15,13,13,92,94,82,0.0,1016.17,4,13,9.3
2013-09-28,12,14,11,11,91,100,82,0.0,1015.17,5,9,7.9
2013-09-29,11,12,9,10,96,100,94,0.0,1011.90,4,11,6.9
2013-09-03,18,26,9,12,79,100,44,0.0,1023.77,2,7,10.0
2013-09-30,9,10,8,8,95,100,87,0.0,1008.90,4,11,8.7
2013-09-04,18,25,12,14,77,100,50,0.0,1025.06,3,9,10.0
2013-09-05,20,26,14,16,75,100,51,0.0,1019.25,2,13,10.0
2013-09-06,20,25,16,15,76,94,50,0.0,1016.29,2,6,10.0
2013-09-07,20,26,13,14,75,100,47,0.0,1019.06,2,9,10.0
2013-09-08,20,25,14,15,80,100,50,0.0,1020.69,2,7,10.0
2013-09-09,18,20,14,16,95,100,82,0.0,1017.65,3,13,8.7
2014-10-01,15,23,7,13,92,100,53,0.0,1024.83,2,15,9.7
2014-10-10,17,22,12,14,86,100,64,0.0,1018.85,4,15,10.0
2014-10-11,18,25,10,13,82,100,47,0.0,1016.92,5,17,10.0
2014-10-12,18,24,11,13,82,100,50,0.0,1016.69,5,11,10.0
2014-10-13,18,23,12,14,85,100,64,0.0,1014.12,6,17,9.7
2014-10-14,18,23,12,12,79,100,44,0.0,1012.15,5,18,9.8
2014-10-15,15,19,11,13,91,100,73,0.0,1010.02,4,9,10.0
2014-10-16,17,20,14,14,85,100,64,0.0,1011.67,3,9,8.5
2014-10-17,19,23,15,14,85,100,60,0.0,1014.15,4,18,9.6
2014-10-18,16,22,10,12,77,100,46,0.0,1024.56,4,9,10.0
2014-10-19,14,22,6,10,88,100,56,0.0,1025.33,2,6,7.7
2014-10-02,16,21,11,12,85,100,60,0.0,1025.88,2,11,10.0
2014-10-20,14,22,6,11,85,100,57,0.0,1020.46,3,13,9.9
2014-10-21,16,21,10,13,88,100,68,0.0,1011.38,3,13,9.4
2014-10-22,10,15,3,5,79,100,41,0.0,1006.38,10,35,9.0
2014-10-23,6,11,2,4,90,100,62,0.0,1008.08,4,24,8.6
2014-10-24,12,16,8,6,68,87,41,0.0,1014.62,10,35,10.0
2014-10-25,8,12,4,5,79,100,54,0.0,1022.75,5,13,10.0
2014-10-26,7,12,2,4,88,100,62,0.0,1027.46,3,17,8.0
2014-10-27,7,12,2,3,80,93,50,0.0,1028.90,4,18,9.8
2014-10-28,6,12,0,2,81,93,47,0.0,1025.21,2,9,8.9
2014-10-29,3,9,-3,1,86,100,62,0.0,1021.40,1,6,8.4
2014-10-03,15,20,10,12,86,100,56,0.0,1024.94,2,11,8.0
2014-10-30,6,13,0,2,84,100,51,0.0,1024.48,2,6,9.1
2014-10-31,6,13,-1,2,89,100,58,0.0,1027.46,1,6,8.0
2014-10-04,14,18,9,10,82,100,59,0.0,1020.89,3,13,9.0
2014-10-05,14,18,9,9,84,100,52,0.0,1019.00,1,7,9.1
2014-10-06,14,18,9,10,82,100,55,0.0,1017.48,3,15,8.6
2014-10-07,14,19,10,11,86,100,60,0.0,1017.60,2,9,8.2
2014-10-08,14,19,10,13,92,100,77,0.0,1018.77,7,15,9.5
2014-10-09,18,22,14,14,81,100,60,0.0,1017.67,4,18,10.0
2014-11-01,8,13,2,5,88,100,63,0.0,1026.19,3,7,6.4
2014-11-10,12,15,10,11,95,100,82,0.0,1017.00,2,7,6.5
2014-11-11,14,16,11,12,94,100,77,0.0,1015.25,2,7,8.0
2014-11-12,14,15,12,12,97,100,82,0.0,1008.44,2,9,7.6
2014-11-13,11,12,10,10,95,100,88,0.0,1010.04,2,7,7.1
2014-11-14,11,12,10,10,94,100,82,0.0,1015.00,1,6,6.2
2014-11-15,11,12,10,10,96,100,88,0.0,1011.17,2,13,6.1
2014-11-16,12,16,7,9,88,100,59,0.0,1006.21,6,17,9.2
2014-11-17,8,10,6,8,96,100,87,0.0,1008.40,3,9,7.3
2014-11-18,8,9,6,7,96,100,87,0.0,1006.31,6,20,7.5
2014-11-19,6,10,2,4,96,100,76,0.0,1016.21,4,7,5.7
2014-11-02,8,13,2,4,96,100,77,0.0,1022.60,1,4,2.5
2014-11-20,3,4,2,3,99,100,93,0.0,1024.50,2,4,0.6
2014-11-21,4,6,2,4,96,100,93,0.0,1024.90,1,4,6.8
2014-11-22,4,7,0,3,97,100,81,0.0,1024.96,1,6,4.2
2014-11-23,2,3,0,2,98,100,93,0.0,1027.83,2,7,1.2
2014-11-24,2,3,2,2,97,100,93,0.0,1025.92,2,6,5.3
2014-11-25,4,4,3,3,93,100,87,0.0,1025.15,2,6,5.4
2014-11-26,4,5,3,2,88,100,70,0.0,1021.52,3,11,6.6
2014-11-27,2,3,2,1,92,100,87,0.0,1017.00,1,4,5.8
2014-11-28,4,6,3,4,95,100,87,0.0,1015.85,1,4,3.0
2014-11-29,6,7,5,6,96,100,93,0.0,1016.69,3,9,2.0
2014-11-03,8,13,3,6,95,100,82,0.0,1018.04,2,7,5.0
2014-11-30,6,6,5,5,96,100,93,0.0,1015.04,4,7,4.1
2014-11-04,12,15,9,10,87,100,67,0.0,1010.81,3,9,9.8
2014-11-05,14,17,11,11,86,100,68,0.0,1006.96,4,13,9.5
2014-11-06,14,16,12,13,95,100,88,0.0,1010.49,7,17,8.2
2014-11-07,13,14,12,13,99,100,94,0.0,1010.60,7,17,6.5
2014-11-08,12,14,9,11,95,100,88,0.0,1013.72,6,15,8.9
2014-11-09,10,11,9,9,96,100,88,0.0,1015.04,2,7,7.4
2014-12-01,2,5,0,3,95,100,93,0.0,1009.77,4,18,6.9
2014-12-10,0,5,-5,-3,88,100,53,0.0,1022.69,2,7,9.1
2014-12-11,1,6,-4,-2,89,100,61,0.0,1018.58,2,7,7.9
2014-12-12,0,6,-6,-4,86,100,57,0.0,1018.71,2,7,10.0
2014-12-13,4,10,-3,1,80,93,66,0.0,1019.10,9,17,10.0
2014-12-14,9,11,7,7,85,93,76,0.0,1020.69,7,13,10.0
2014-12-15,8,12,4,6,88,100,67,0.0,1020.04,5,11,10.0
2014-12-16,6,8,4,5,96,100,87,0.0,1013.25,2,9,7.3
2014-12-17,6,7,4,5,98,100,87,0.0,1012.83,3,9,3.8
2014-12-18,2,4,1,3,100,100,93,0.0,1018.19,2,7,1.3
2014-12-19,6,13,0,3,90,100,62,0.0,1020.27,3,11,4.2
2014-12-02,2,3,1,2,96,100,93,0.0,1010.17,4,7,7.6
2014-12-20,8,14,1,4,88,100,59,0.0,1020.15,7,17,10.0
2014-12-21,4,11,-3,-1,80,100,47,0.0,1026.31,4,11,10.0
2014-12-22,0,4,-4,-2,92,100,81,0.0,1026.54,2,11,10.0
2014-12-23,3,9,-3,-0,86,100,66,0.0,1025.15,7,15,9.4
2014-12-24,5,8,2,2,83,93,66,0.0,1023.67,8,17,9.4
2014-12-25,5,10,0,1,84,93,62,0.0,1020.71,10,18,9.8
2014-12-26,2,7,-4,-2,75,100,29,0.0,1021.94,4,7,9.7
2014-12-27,-4,-1,-7,-5,92,100,80,0.0,1011.52,2,13,5.2
2014-12-28,-2,-1,-4,-4,86,100,40,0.0,1005.17,5,22,6.3
2014-12-29,-6,-1,-11,-13,57,86,29,0.0,1021.69,9,24,10.0
2014-12-03,2,3,2,2,95,100,93,0.0,1016.60,3,6,7.1
2014-12-30,-8,-2,-15,-12,76,92,47,0.0,1028.25,3,7,10.0
2014-12-31,-8,-3,-13,-12,71,93,46,0.0,1032.35,4,18,9.8
2014-12-04,3,4,2,2,96,100,87,0.0,1018.81,4,9,7.6
2014-12-05,4,5,3,3,97,100,93,0.0,1017.79,1,4,5.5
2014-12-06,5,6,4,4,98,100,93,0.0,1016.31,2,7,5.2
2014-12-07,5,7,3,4,95,100,87,0.0,1016.31,1,4,6.6
2014-12-08,5,6,4,4,93,100,87,0.0,1016.44,1,6,8.7
2014-12-09,1,5,-3,1,92,100,75,0.0,1019.40,2,9,10.0
2014-01-01,4,6,1,3,95,100,81,0.0,1018.94,1,7,6.6
2014-01-10,8,11,5,5,82,100,62,0.0,1017.64,3,9,10.0
2014-01-11,8,11,4,5,84,100,62,0.0,1020.00,3,9,10.0
2014-01-12,6,12,-1,3,86,100,58,0.0,1021.38,4,9,10.0
2014-01-13,4,9,-2,2,89,100,71,0.0,1018.06,3,9,10.0
2014-01-14,7,8,6,6,94,100,81,0.0,1007.94,4,9,7.3
2014-01-15,5,8,2,4,96,100,81,0.0,1010.48,4,9,6.9
2014-01-16,6,8,3,3,87,100,66,0.0,1013.60,3,15,6.6
2014-01-17,6,10,3,5,91,100,76,0.0,1010.29,6,11,9.6
2014-01-18,6,8,5,7,97,100,93,0.0,1009.42,2,7,6.3
2014-01-19,8,10,6,8,96,100,87,0.0,1005.08,4,15,4.9
2014-01-02,3,8,-2,1,86,100,62,0.0,1015.60,6,18,9.7
2014-01-20,8,9,6,7,95,100,82,0.0,1000.90,5,11,7.7
2014-01-21,8,10,5,6,95,100,82,0.0,1004.35,2,7,6.0
2014-01-22,5,8,2,4,94,100,81,0.0,1010.75,2,6,5.5
2014-01-23,4,5,4,4,96,100,93,0.0,1014.81,3,11,5.7
2014-01-24,2,4,0,0,96,100,93,0.0,1009.62,5,13,5.1
2014-01-25,-2,2,-5,-2,91,100,80,0.0,1011.00,4,9,9.4
2014-01-26,-0,1,-2,-4,81,86,65,0.0,1009.75,4,9,9.3
2014-01-27,-1,0,-2,-3,88,93,80,0.0,1003.10,3,7,6.4
2014-01-28,-2,-1,-3,-4,90,100,86,0.0,1001.29,2,6,3.1
2014-01-29,-2,-1,-4,-4,91,100,80,0.0,1005.81,2,7,4.0
2014-01-03,6,9,4,4,91,100,76,0.0,1018.19,4,13,10.0
2014-01-30,-2,-1,-4,-3,96,100,86,0.0,1013.90,1,6,1.8
2014-01-31,0,1,-1,-1,96,100,93,0.0,1016.87,1,6,1.9
2014-01-04,5,9,1,4,97,100,93,0.0,1015.83,3,17,7.6
2014-01-05,8,10,7,7,95,100,87,0.0,1007.88,7,18,8.2
2014-01-06,6,10,3,6,96,100,82,0.0,1019.29,1,7,8.2
2014-01-07,6,10,0,4,96,100,82,0.0,1022.21,2,9,6.3
2014-01-08,6,12,-1,2,93,100,67,0.0,1024.58,2,7,7.5
2014-01-09,4,8,-1,2,93,100,81,0.0,1020.28,2,9,5.2
2014-02-01,-0,0,-1,-2,95,100,93,0.0,1016.04,5,17,2.9
2014-02-10,0,2,-1,0,98,100,93,0.0,1006.62,3,7,2.2
2014-02-11,3,4,2,2,99,100,93,0.0,1005.70,5,15,3.2
2014-02-12,2,5,0,1,95,100,87,0.0,1007.65,3,9,6.0
2014-02-13,3,8,-2,1,91,100,66,0.0,1008.40,3,15,5.1
2014-02-14,5,11,-1,2,87,100,47,0.0,1010.58,6,18,9.6
2014-02-15,4,11,-2,1,82,100,50,0.0,1014.44,5,18,10.0
2014-02-16,9,12,6,7,84,93,72,0.0,1013.40,7,18,10.0
2014-02-17,4,9,0,1,96,100,82,0.0,1016.83,7,20,4.4
2014-02-18,2,3,0,1,97,100,87,0.0,1021.50,2,7,4.2
2014-02-19,6,9,2,4,95,100,87,0.0,1014.42,2,11,4.4
2014-02-02,-1,0,-2,-2,95,100,87,0.0,1015.17,4,11,4.8
2014-02-20,4,6,3,4,93,100,87,0.0,1016.56,4,9,9.2
2014-02-21,6,9,3,4,90,100,71,0.0,1012.37,3,7,9.6
2014-02-22,4,5,3,3,94,100,87,0.0,1014.25,5,17,6.2
2014-02-23,5,8,2,2,92,100,66,0.0,1021.54,2,7,5.5
2014-02-24,6,12,0,1,79,100,44,0.0,1021.83,3,9,10.0
2014-02-25,4,11,-3,-0,82,100,50,0.0,1018.96,3,9,9.9
2014-02-26,6,12,-1,0,76,100,44,0.0,1019.19,3,17,10.0
2014-02-27,6,12,0,2,77,93,51,0.0,1018.44,5,17,10.0
2014-02-28,3,7,-1,2,90,100,76,0.0,1010.25,3,11,10.0
2014-02-03,-2,-1,-2,-3,91,100,86,0.0,1019.67,6,13,7.0
2014-02-04,-2,-2,-3,-4,91,93,86,0.0,1019.69,2,6,4.7
2014-02-05,-0,1,-2,-2,95,100,81,0.0,1013.62,1,6,3.0
2014-02-06,1,2,0,0,98,100,87,0.0,1013.27,2,7,0.8
2014-02-07,4,9,0,1,90,100,66,0.0,1011.54,4,17,7.4
2014-02-08,3,5,1,3,98,100,93,0.0,1007.10,5,22,5.5
2014-02-09,2,4,-1,2,97,100,87,0.0,1002.60,5,18,3.7
2014-03-01,6,9,3,4,90,100,71,0.0,1003.23,5,13,9.7
2014-03-10,6,12,-1,-1,68,93,41,0.0,1025.06,9,28,10.0
2014-03-11,6,15,-2,-3,63,93,23,0.0,1024.81,5,17,n/a
2014-03-12,6,17,-4,-2,64,93,24,0.0,1029.15,3,9,n/a
2014-03-13,8,17,-2,-0,66,93,27,0.0,1028.42,4,15,n/a
2014-03-14,8,19,-2,1,68,93,30,0.0,1024.17,2,7,n/a
2014-03-15,8,16,-1,1,72,93,42,0.0,1015.04,4,20,7.2
2014-03-16,9,18,0,2,70,93,39,0.0,1013.54,6,18,8.7
2014-03-17,12,23,0,3,67,93,29,0.0,1016.40,3,9,n/a
2014-03-18,10,20,1,4,65,87,40,0.0,1017.25,3,13,n/a
2014-03-19,12,19,4,2,62,93,23,0.0,1019.04,5,17,9.5
2014-03-02,6,10,2,3,84,100,54,0.0,1000.10,5,11,10.0
2014-03-20,10,20,1,2,63,87,32,0.0,1025.06,5,13,n/a
2014-03-21,10,19,0,2,64,93,35,0.0,1018.98,5,22,10.0
2014-03-22,8,14,3,5,77,94,63,0.0,1012.71,6,17,9.8
2014-03-23,8,11,6,8,92,100,76,0.0,1003.17,5,18,8.9
2014-03-24,4,8,1,3,91,100,71,0.0,1005.88,3,9,7.9
2014-03-25,4,7,0,1,87,100,61,0.0,1009.33,3,15,10.0
2014-03-26,6,9,2,2,82,100,54,0.0,1012.00,3,11,9.6
2014-03-27,8,11,5,3,73,87,58,0.0,1011.15,7,15,10.0
2014-03-28,11,17,5,4,66,93,37,0.0,1014.67,4,15,10.0
2014-03-29,10,19,0,2,66,100,28,0.0,1021.69,3,9,10.0
2014-03-03,5,11,-1,2,81,100,50,0.0,997.71,4,15,10.0
2014-03-30,10,21,0,3,65,100,28,0.0,1017.85,3,17,n/a
2014-03-31,11,21,1,4,68,93,33,0.0,1013.42,3,15,10.0
2014-03-04,6,10,3,3,82,100,54,0.0,999.10,4,13,9.7
2014-03-05,8,13,2,1,70,93,40,0.0,1009.92,4,20,10.0
2014-03-06,9,14,4,0,55,81,38,0.0,1019.67,6,18,10.0
2014-03-07,6,13,-1,2,73,100,47,0.0,1023.71,4,15,10.0
2014-03-08,7,13,0,1,72,93,41,0.0,1028.46,3,13,8.5
2014-03-09,6,15,-3,-0,67,100,34,0.0,1030.02,5,24,7.0
2014-04-01,12,20,4,5,67,93,37,0.0,1012.92,3,9,10.0
2014-04-10,8,17,0,2,62,87,42,0.0,1017.42,4,17,10.0
2014-04-11,9,12,5,5,77,93,58,0.0,1018.75,7,15,10.0
2014-04-12,9,16,2,5,82,100,52,0.0,1016.54,3,13,10.0
2014-04-13,10,16,5,7,85,100,55,0.0,1016.42,2,11,6.8
2014-04-14,9,17,1,5,75,100,52,0.0,1013.23,6,26,10.0
2014-04-15,10,13,6,-1,57,93,25,0.0,1014.82,8,20,10.0
2014-04-16,6,12,0,-5,40,75,30,0.0,1019.85,13,22,10.0
2014-04-17,10,14,5,-4,41,76,25,0.0,1017.94,9,20,10.0
2014-04-18,8,18,-1,2,61,93,32,0.0,1009.19,5,15,10.0
2014-04-19,13,18,8,6,64,88,42,0.0,1006.77,7,18,10.0
2014-04-02,12,20,3,4,70,100,35,0.0,1012.48,4,20,10.0
2014-04-20,10,10,9,8,92,100,82,0.0,1008.10,3,15,9.4
2014-04-21,11,13,9,9,92,100,77,0.0,1008.42,3,11,9.3
2014-04-22,14,21,6,8,77,100,43,0.0,1011.81,4,13,8.5
2014-04-23,13,19,7,9,81,100,52,0.0,1016.81,4,13,10.0
2014-04-24,15,21,9,10,83,100,40,0.0,1014.50,3,22,10.0
2014-04-25,13,19,7,10,80,100,56,0.0,1011.58,4,17,9.4
2014-04-26,14,20,9,11,84,100,56,0.0,1010.56,3,13,10.0
2014-04-27,15,18,12,12,88,100,59,0.0,1006.52,3,15,8.0
2014-04-28,14,18,11,11,82,100,49,0.0,1005.30,4,17,9.6
2014-04-29,16,20,11,10,77,100,49,0.0,1007.69,3,15,10.0
2014-04-03,10,16,3,5,75,93,55,0.0,1010.79,5,18,10.0
2014-04-30,14,20,7,9,78,100,46,0.0,1008.27,4,17,9.6
2014-04-04,12,20,5,6,67,93,30,0.0,1007.98,6,15,10.0
2014-04-05,13,16,10,9,83,100,62,0.0,1010.04,5,17,9.6
2014-04-06,12,19,6,9,84,100,52,0.0,1016.62,3,7,7.3
2014-04-07,12,20,5,7,74,100,43,0.0,1019.67,3,11,9.5
2014-04-08,14,22,5,7,70,93,41,0.0,1016.31,4,20,10.0
2014-04-09,11,15,6,3,64,100,27,0.0,1018.64,7,15,10.0
2014-05-01,12,20,5,8,77,100,43,0.0,1009.51,4,17,10.0
2014-05-10,16,24,9,10,66,94,41,0.0,1014.67,4,13,10.0
2014-05-11,13,19,7,10,78,94,59,0.0,1009.25,5,32,9.1
2014-05-12,12,18,5,5,72,100,39,0.0,1013.54,6,15,10.0
2014-05-13,8,10,6,7,89,100,81,0.0,1013.86,4,9,9.8
2014-05-14,12,18,5,2,62,100,27,0.0,1015.36,8,32,6.7
2014-05-15,14,16,11,-3,34,41,27,0.0,1016.38,25,37,10.0
2014-05-16,13,15,11,1,44,55,36,0.0,1012.83,21,35,10.0
2014-05-17,13,18,8,6,65,88,41,0.0,1014.92,10,26,10.0
2014-05-18,13,16,10,9,79,100,63,0.0,1015.50,4,17,10.0
2014-05-19,15,22,8,9,66,94,38,0.0,1016.41,6,18,10.0
2014-05-02,12,20,5,8,82,100,46,0.0,1009.17,4,13,10.0
2014-05-20,15,23,7,9,66,93,41,0.0,1017.63,6,20,10.0
2014-05-21,16,24,7,10,68,94,41,0.0,1018.62,6,20,10.0
2014-05-22,18,27,9,11,66,94,34,0.0,1016.06,5,20,10.0
2014-05-23,18,25,11,12,70,94,44,0.0,1013.65,3,17,10.0
2014-05-24,18,26,11,11,65,94,34,0.0,1013.96,5,18,10.0
2014-05-25,18,26,9,11,67,94,42,0.0,1017.48,4,15,10.0
2014-05-26,16,21,12,13,79,94,60,0.0,1014.71,3,18,9.8
2014-05-27,15,20,10,10,76,100,46,0.0,1010.38,5,24,10.0
2014-05-28,14,20,9,11,85,100,52,0.0,1010.15,3,15,10.0
2014-05-29,17,22,12,12,84,100,43,0.0,1011.08,2,13,9.2
2014-05-03,12,16,8,8,80,100,47,0.0,1008.94,4,20,6.6
2014-05-30,14,16,11,11,86,100,72,0.0,1014.36,5,22,7.6
2014-05-31,12,19,4,5,64,100,32,0.0,1017.06,3,11,10.0
2014-05-04,12,18,6,2,55,87,28,0.0,1011.44,5,17,10.0
2014-05-05,9,18,0,2,61,93,37,0.0,1017.75,3,11,10.0
2014-05-06,12,22,2,5,67,93,38,0.0,1018.32,4,18,10.0
2014-05-07,12,18,5,7,74,100,48,0.0,1016.40,4,17,10.0
2014-05-08,14,21,8,8,71,100,35,0.0,1017.60,4,13,9.8
2014-05-09,14,24,5,8,68,100,33,0.0,1016.21,3,11,10.0
2014-06-01,14,20,7,7,69,93,40,0.0,1017.00,6,20,10.0
2014-06-10,23,32,14,14,59,94,26,0.0,1019.87,3,13,10.0
2014-06-11,24,33,14,13,56,88,16,0.0,1019.96,3,15,10.0
2014-06-12,23,31,15,15,69,94,37,0.0,1021.17,4,17,10.0
2014-06-13,22,28,16,16,79,100,48,0.0,1016.83,5,24,9.3
2014-06-14,19,23,15,14,78,100,50,0.0,1013.57,5,17,8.8
2014-06-15,18,22,13,10,67,100,38,0.0,1015.96,6,26,10.0
2014-06-16,16,20,12,10,68,88,49,0.0,1016.29,4,11,10.0
2014-06-17,16,20,13,10,67,94,43,0.0,1015.62,4,17,10.0
2014-06-18,16,23,9,10,66,94,36,0.0,1016.38,5,22,10.0
2014-06-19,18,26,9,10,62,94,28,0.0,1014.27,4,15,10.0
2014-06-02,14,22,6,8,69,100,38,0.0,1016.67,3,13,10.0
2014-06-20,18,24,11,12,76,100,41,0.0,1012.79,4,15,10.0
2014-06-21,16,23,9,10,70,100,41,0.0,1016.46,2,13,8.9
2014-06-22,18,27,9,11,65,94,39,0.0,1017.79,5,17,10.0
2014-06-23,20,28,13,15,71,100,42,0.0,1018.34,5,20,10.0
2014-06-24,20,25,14,15,85,100,61,0.0,1015.04,7,24,9.6
2014-06-25,16,18,14,14,91,100,82,0.0,1010.58,4,11,8.7
2014-06-26,17,23,11,12,78,100,47,0.0,1013.69,4,11,8.1
2014-06-27,19,24,14,14,76,100,50,0.0,1017.60,3,9,10.0
2014-06-28,20,27,12,14,72,100,45,0.0,1017.29,4,17,10.0
2014-06-29,20,26,15,15,71,94,47,0.0,1011.62,7,18,9.8
2014-06-03,14,21,8,10,76,100,46,0.0,1015.26,5,17,10.0
2014-06-30,16,20,12,12,84,100,56,0.0,1011.40,6,24,9.2
2014-06-04,14,23,6,9,74,100,38,0.0,1012.35,3,17,9.3
2014-06-05,17,22,12,12,78,94,53,0.0,1014.29,2,7,10.0
2014-06-06,20,27,12,12,66,94,34,0.0,1018.81,4,11,10.0
2014-06-07,20,30,11,11,61,94,25,0.0,1018.77,3,13,10.0
2014-06-08,22,30,13,14,61,88,35,0.0,1020.87,4,13,10.0
2014-06-09,23,31,15,15,63,94,37,0.0,1021.09,3,15,10.0
2014-07-01,16,23,10,11,78,100,47,0.0,1018.98,3,9,10.0
2014-07-10,14,15,13,13,92,100,82,0.0,1007.80,4,11,9.8
2014-07-11,18,24,12,13,77,100,43,0.0,1007.81,3,13,9.0
2014-07-12,18,24,12,14,81,100,57,0.0,1010.91,4,15,10.0
2014-07-13,18,23,13,14,83,100,53,0.0,1012.70,3,13,9.6
2014-07-14,19,24,14,15,85,100,60,0.0,1014.11,3,11,10.0
2014-07-15,20,27,13,15,76,100,42,0.0,1018.23,2,9,10.0
2014-07-16,21,28,14,16,73,94,39,0.0,1019.57,3,13,10.0
2014-07-17,22,29,15,16,72,94,39,0.0,1019.85,4,15,10.0
2014-07-18,21,29,13,15,71,100,37,0.0,1019.17,3,13,10.0
2014-07-19,22,30,14,16,69,100,43,0.0,1017.96,3,11,10.0
2014-07-02,17,24,10,12,72,94,44,0.0,1019.65,3,13,10.0
2014-07-20,23,30,16,17,67,100,43,0.0,1014.78,5,22,10.0
2014-07-21,20,23,16,17,87,100,73,0.0,1011.21,3,15,10.0
2014-07-22,17,20,14,16,93,100,78,0.0,1009.91,3,7,6.4
2014-07-23,22,27,15,16,79,100,44,0.0,1011.57,3,24,8.3
2014-07-24,19,26,12,13,73,94,44,0.0,1012.29,3,13,10.0
2014-07-25,21,25,17,16,77,94,50,0.0,1014.00,4,13,10.0
2014-07-26,22,27,16,17,84,100,54,0.0,1013.90,5,17,9.9
2014-07-27,21,26,16,16,85,100,57,0.0,1013.02,3,7,9.5
2014-07-28,20,25,16,17,88,100,61,0.0,1012.04,3,11,9.3
2014-07-29,21,24,18,18,87,100,65,0.0,1009.81,3,13,9.2
2014-07-03,18,24,11,12,69,100,41,0.0,1025.13,8,32,10.0
2014-07-30,18,21,16,17,91,100,83,0.0,1007.31,5,18,9.4
2014-07-31,19,23,15,17,89,100,73,0.0,1010.21,3,7,7.7
2014-07-04,18,26,10,13,69,94,42,0.0,1020.94,3,9,n/a
2014-07-05,20,27,14,13,64,94,39,0.0,1012.60,4,18,10.0
2014-07-06,22,29,14,15,68,94,40,0.0,1015.17,3,11,10.0
2014-07-07,22,30,14,16,67,94,42,0.0,1014.98,3,15,10.0
2014-07-08,20,22,17,17,87,100,69,0.0,1009.04,5,15,9.5
2014-07-09,18,22,14,13,83,100,56,0.0,1006.92,6,22,10.0
2014-08-01,22,27,18,18,85,100,51,0.0,1011.93,3,13,8.1
2014-08-10,23,29,17,17,70,94,45,0.0,1015.40,4,17,10.0
2014-08-11,24,30,17,18,71,94,45,0.0,1013.49,4,15,10.0
2014-08-12,22,25,19,17,76,94,61,0.0,1014.53,9,28,10.0
2014-08-13,19,22,16,17,91,100,78,0.0,1010.27,5,20,9.5
2014-08-14,16,19,14,15,92,100,82,0.0,1011.67,5,13,8.4
2014-08-15,16,18,13,13,90,100,77,0.0,1014.70,3,7,9.7
2014-08-16,16,20,11,12,80,94,60,0.0,1017.09,4,9,10.0
2014-08-17,16,23,8,10,74,100,36,0.0,1017.87,3,9,10.0
2014-08-18,16,23,8,11,76,100,47,0.0,1014.17,4,18,10.0
2014-08-19,16,19,12,14,91,100,73,0.0,1014.02,4,22,9.3
2014-08-02,22,28,16,18,77,100,51,0.0,1012.00,4,11,10.0
2014-08-20,18,23,13,15,89,100,60,0.0,1014.57,4,13,9.5
2014-08-21,18,21,15,14,82,100,60,0.0,1015.76,7,17,9.7
2014-08-22,16,20,11,13,83,100,64,0.0,1016.91,2,7,10.0
2014-08-23,16,17,14,15,94,100,88,0.0,1014.49,4,20,9.3
2014-08-24,16,20,13,13,86,100,52,0.0,1016.32,5,20,8.6
2014-08-25,16,20,12,11,78,100,46,0.0,1019.38,3,11,10.0
2014-08-26,16,20,11,14,86,100,73,0.0,1012.25,3,13,10.0
2014-08-27,21,26,15,16,83,100,54,0.0,1011.15,4,22,9.2
2014-08-28,18,22,12,12,76,94,46,0.0,1020.04,5,11,10.0
2014-08-29,16,24,9,11,76,100,38,0.0,1019.79,2,7,10.0
2014-08-03,22,29,15,16,74,100,45,0.0,1012.69,4,13,10.0
2014-08-30,18,26,10,13,76,100,41,0.0,1018.32,3,15,10.0
2014-08-31,20,24,15,15,80,94,50,0.0,1014.08,2,9,10.0
2014-08-04,21,28,14,16,75,100,48,0.0,1014.38,4,15,10.0
2014-08-05,20,24,16,16,84,100,61,0.0,1015.80,9,37,9.2
2014-08-06,21,26,16,15,80,100,47,0.0,1014.79,4,13,7.6
2014-08-07,20,27,13,15,76,94,45,0.0,1014.90,5,15,10.0
2014-08-08,20,28,13,15,75,100,42,0.0,1015.75,3,11,10.0
2014-08-09,22,29,14,16,73,100,48,0.0,1015.00,4,17,10.0
2014-09-01,14,18,11,10,79,94,52,0.0,1010.29,9,26,9.5
2014-09-10,18,19,15,16,94,100,83,0.0,1014.51,3,11,8.5
2014-09-11,13,15,11,13,95,100,88,0.0,1011.78,4,18,6.5
2014-09-12,14,17,11,12,92,100,72,0.0,1012.57,3,17,7.8
2014-09-13,13,15,11,12,93,100,82,0.0,1014.65,7,18,9.6
2014-09-14,16,19,12,13,90,100,64,0.0,1016.32,3,9,7.5
2014-09-15,15,20,10,13,88,100,68,0.0,1016.81,3,13,8.4
2014-09-16,16,20,12,14,87,100,64,0.0,1017.96,2,9,9.9
2014-09-17,15,20,10,12,83,100,56,0.0,1018.67,4,17,9.7
2014-09-18,16,20,11,12,83,100,60,0.0,1018.89,3,11,10.0
2014-09-19,17,23,11,13,83,100,50,0.0,1019.04,3,15,7.4
2014-09-02,12,14,10,12,93,100,82,0.0,1013.57,3,7,9.9
2014-09-20,18,23,13,16,88,100,69,0.0,1016.83,3,11,10.0
2014-09-21,20,26,13,16,82,100,51,0.0,1014.04,3,13,9.6
2014-09-22,15,20,10,13,90,100,60,0.0,1011.67,5,20,9.3
2014-09-23,14,19,8,8,80,100,40,0.0,1016.78,4,9,7.5
2014-09-24,14,20,7,8,78,100,46,0.0,1017.56,3,13,9.9
2014-09-25,10,14,6,9,94,100,77,0.0,1017.52,2,11,9.3
2014-09-26,11,18,4,8,88,100,49,0.0,1022.46,2,7,6.5
2014-09-27,14,21,8,11,80,100,52,0.0,1026.06,4,11,10.0
2014-09-28,16,22,10,12,81,100,49,0.0,1028.94,1,6,10.0
2014-09-29,15,23,7,11,86,100,57,0.0,1027.83,2,13,6.5
2014-09-03,16,21,12,14,89,100,68,0.0,1014.63,3,7,7.2
2014-09-30,15,23,7,11,82,100,50,0.0,1025.52,3,9,10.0
2014-09-04,18,21,16,16,89,94,73,0.0,1015.76,3,9,8.5
2014-09-05,20,24,16,16,84,100,57,0.0,1015.13,6,18,8.6
2014-09-06,17,20,14,15,92,100,77,0.0,1013.78,3,11,8.9
2014-09-07,16,22,11,14,84,100,57,0.0,1015.55,4,15,9.1
2014-09-08,18,25,11,14,84,100,50,0.0,1017.29,2,9,9.0
2014-09-09,20,27,12,15,86,100,51,0.0,1016.64,3,13,7.7
2015-10-01,12,15,8,6,75,87,51,0.0,1029.60,6,18,10.0
2015-10-10,12,14,11,10,90,100,77,0.0,1014.21,3,20,9.5
2015-10-11,11,13,9,10,94,100,82,0.0,1008.29,3,7,9.2
2015-10-12,8,10,7,7,88,93,76,0.0,1015.71,5,11,8.8
2015-10-13,10,10,9,8,93,100,87,0.0,1016.19,3,7,6.6
2015-10-14,10,10,9,9,96,100,93,0.0,1011.85,4,7,7.9
2015-10-15,10,12,8,9,96,100,88,0.0,1011.00,2,7,7.9
2015-10-16,9,14,4,9,92,100,77,0.0,1014.10,4,13,7.8
2015-10-17,9,14,4,6,90,100,63,0.0,1017.94,3,9,8.2
2015-10-18,10,16,5,7,84,100,59,0.0,1017.06,3,9,9.5
2015-10-19,8,9,4,7,94,100,87,0.0,1015.00,3,7,8.6
2015-10-02,13,17,8,8,77,94,55,0.0,1027.73,4,9,9.9
2015-10-20,8,13,4,5,89,100,54,0.0,1017.29,3,9,6.4
2015-10-21,6,13,0,3,83,100,54,0.0,1018.69,4,9,10.0
2015-10-22,7,14,0,3,79,100,44,0.0,1016.00,7,20,10.0
2015-10-23,8,16,1,4,82,100,51,0.0,1021.56,3,7,10.0
2015-10-24,10,16,3,5,83,100,52,0.0,1023.77,4,11,10.0
2015-10-25,7,14,0,4,89,100,59,0.0,1022.91,2,7,3.6
2015-10-26,8,15,1,5,89,100,63,0.0,1024.31,1,6,8.4
2015-10-27,10,15,4,7,86,100,59,0.0,1022.37,1,6,8.2
2015-10-28,10,13,7,8,88,94,72,0.0,1018.65,2,7,8.2
2015-10-29,11,12,10,10,96,100,94,0.0,1017.67,1,7,4.0
2015-10-03,13,18,8,10,91,100,68,0.0,1023.04,2,7,7.2
2015-10-30,9,14,3,8,94,100,77,0.0,1027.04,2,9,5.5
2015-10-31,8,16,0,3,79,100,39,0.0,1033.96,5,18,7.5
2015-10-04,14,18,9,12,91,100,68,0.0,1019.77,3,13,7.8
2015-10-05,14,20,7,10,88,100,52,0.0,1016.98,4,13,9.1
2015-10-06,12,15,9,11,93,100,82,0.0,1012.56,2,7,8.9
2015-10-07,14,15,13,13,96,100,88,0.0,1011.38,3,11,6.6
2015-10-08,14,18,10,12,92,100,77,0.0,1016.25,3,9,9.4
2015-10-09,14,17,10,11,90,100,72,0.0,1018.92,3,9,8.5
2015-11-01,7,15,-1,1,77,100,38,0.0,1037.23,3,9,n/a
2015-11-10,11,18,4,6,88,100,52,0.0,1024.40,3,7,10.0
2015-11-11,12,21,2,6,82,100,43,0.0,1024.29,2,7,10.0
2015-11-12,10,18,2,6,87,100,56,0.0,1026.35,2,7,10.0
2015-11-13,8,14,1,4,94,100,72,0.0,1026.62,2,7,3.9
2015-11-14,8,14,1,5,90,100,67,0.0,1025.69,2,7,8.0
2015-11-15,8,13,2,6,88,100,63,0.0,1019.06,3,9,7.2
2015-11-16,10,18,1,4,85,100,45,0.0,1017.92,3,13,8.1
2015-11-17,6,12,-1,3,88,100,67,0.0,1018.31,2,11,10.0
2015-11-18,8,14,1,4,87,100,63,0.0,1019.64,4,13,9.7
2015-11-19,6,14,-1,4,82,100,63,0.0,1020.63,5,17,9.9
2015-11-02,4,12,-3,-0,83,100,47,0.0,1034.09,2,6,10.0
2015-11-20,10,12,7,7,84,94,71,0.0,1010.73,4,15,10.0
2015-11-21,6,11,0,4,96,100,87,0.0,994.56,6,22,5.6
2015-11-22,0,3,-2,0,96,100,87,0.0,1002.65,2,11,8.2
2015-11-23,-0,2,-3,-1,96,100,87,0.0,1020.35,1,11,6.2
2015-11-24,0,2,-2,-2,89,100,75,0.0,1023.67,4,13,9.7
2015-11-25,-1,0,-2,-3,84,100,75,0.0,1011.92,5,13,9.7
2015-11-26,-1,1,-3,-2,91,100,80,0.0,1008.21,3,7,6.3
2015-11-27,1,7,-5,-3,86,100,61,0.0,1013.75,5,13,8.6
2015-11-28,2,7,-2,-1,86,100,61,0.0,1012.52,3,9,8.9
2015-11-29,0,4,-4,-2,90,100,70,0.0,1021.54,2,9,8.3
2015-11-03,6,16,-4,-1,80,100,31,0.0,1027.48,2,9,3.7
2015-11-30,2,9,-5,-2,85,100,54,0.0,1022.31,4,11,10.0
2015-11-04,9,19,-1,2,76,93,32,0.0,1021.67,3,7,n/a
2015-11-05,10,18,2,5,83,100,49,0.0,1021.65,3,7,10.0
2015-11-06,9,18,0,4,85,100,48,0.0,1025.33,1,4,9.7
2015-11-07,9,18,0,4,84,100,52,0.0,1027.98,2,6,10.0
2015-11-08,11,20,2,6,84,100,49,0.0,1029.40,2,7,10.0
2015-11-09,11,21,1,5,82,100,40,0.0,1025.27,3,7,10.0
2015-12-01,6,10,1,2,82,93,58,0.0,1023.25,12,18,10.0
2015-12-10,0,4,-5,-0,91,100,81,0.0,1036.29,3,9,6.1
2015-12-11,-4,-2,-5,-4,97,100,93,0.0,1031.44,1,4,0.8
2015-12-12,-2,0,-3,-3,96,100,93,0.0,1026.04,1,4,2.5
2015-12-13,0,6,-6,-3,93,100,76,0.0,1022.69,1,7,5.5
2015-12-14,-1,3,-5,-2,90,100,75,0.0,1025.21,2,6,9.8
2015-12-15,2,8,-3,-0,89,100,71,0.0,1026.67,3,7,8.3
2015-12-16,0,5,-4,-1,94,100,81,0.0,1030.75,2,7,4.2
2015-12-17,-0,1,-2,-1,98,100,93,0.0,1031.23,1,6,0.9
2015-12-18,-0,1,-2,-1,98,100,93,0.0,1027.02,1,4,0.4
2015-12-19,2,8,-3,-1,94,100,76,0.0,1027.79,1,7,4.0
2015-12-02,7,14,-1,3,84,100,58,0.0,1028.21,4,11,10.0
2015-12-20,-2,0,-3,-2,97,100,93,0.0,1029.23,1,4,0.3
2015-12-21,2,9,-5,-0,93,100,76,0.0,1030.00,3,15,8.2
2015-12-22,4,11,-3,1,92,100,67,0.0,1032.45,4,17,8.7
2015-12-23,3,10,-4,-1,91,100,66,0.0,1030.94,5,11,8.7
2015-12-24,0,5,-5,-2,93,100,81,0.0,1030.79,2,7,9.3
2015-12-25,2,9,-5,-2,89,100,66,0.0,1033.69,2,7,10.0
2015-12-26,3,11,-5,-2,90,100,54,0.0,1033.00,1,4,7.9
2015-12-27,2,11,-6,-2,90,100,54,0.0,1031.94,1,7,4.3
2015-12-28,1,8,-6,-3,89,100,62,0.0,1031.15,1,6,6.9
2015-12-29,0,6,-6,-3,91,100,66,0.0,1029.48,1,7,7.1
2015-12-03,2,5,-2,1,97,100,86,0.0,1031.75,1,6,3.8
2015-12-30,0,3,-3,-1,86,100,69,0.0,1033.00,5,15,8.2
2015-12-31,-2,1,-6,-7,72,86,52,0.0,1030.62,5,11,10.0
2015-12-04,4,10,-1,3,91,100,71,0.0,1032.17,3,13,7.6
2015-12-05,2,7,-2,-0,93,100,76,0.0,1035.04,2,7,8.0
2015-12-06,4,11,-3,-0,86,100,58,0.0,1033.46,3,13,7.2
2015-12-07,4,12,-4,-1,87,100,54,0.0,1035.77,1,6,10.0
2015-12-08,-2,1,-4,-2,97,100,93,0.0,1035.02,1,6,1.3
2015-12-09,2,3,1,1,92,100,87,0.0,1033.15,2,7,3.6
2015-01-01,-10,-4,-15,-13,79,92,59,0.0,1034.98,2,7,8.7
2015-01-10,2,8,-4,-1,92,100,71,0.0,1016.40,4,13,7.0
2015-01-11,2,6,-2,1,95,100,75,0.0,1014.17,8,22,6.6
2015-01-12,-0,3,-4,-2,92,100,81,0.0,1026.06,5,13,8.7
2015-01-13,4,11,-4,-2,74,100,47,0.0,1024.44,6,22,10.0
2015-01-14,4,9,0,1,79,93,62,0.0,1018.27,6,22,10.0
2015-01-15,2,6,-3,0,94,100,87,0.0,1019.52,3,9,8.1
2015-01-16,8,11,6,5,77,87,71,0.0,1016.36,8,22,10.0
2015-01-17,8,11,4,7,85,100,76,0.0,1012.94,6,15,10.0
2015-01-18,5,10,0,3,88,100,66,0.0,1015.35,3,11,10.0
2015-01-19,3,8,-2,1,87,100,57,0.0,1012.71,2,7,10.0
2015-01-02,-6,1,-12,-7,87,100,70,0.0,1030.37,2,7,6.2
2015-01-20,2,5,-2,-0,92,100,76,0.0,1010.83,2,9,9.5
2015-01-21,0,3,-2,0,93,100,81,0.0,1012.73,3,9,8.1
2015-01-22,4,6,2,3,93,100,81,0.0,1012.75,5,11,8.5
2015-01-23,4,7,2,3,92,100,81,0.0,1010.69,4,9,9.0
2015-01-24,4,6,1,1,86,100,70,0.0,1011.13,4,17,10.0
2015-01-25,2,5,-2,-1,86,100,65,0.0,1016.50,4,18,10.0
2015-01-26,-0,4,-5,-3,82,100,56,0.0,1022.34,2,9,9.5
2015-01-27,-0,3,-4,-4,86,100,60,0.0,1016.14,2,7,10.0
2015-01-28,-0,5,-6,-5,82,100,45,0.0,1015.33,2,9,8.3
2015-01-29,-2,2,-5,-3,91,100,65,0.0,999.81,3,7,8.6
2015-01-03,-4,1,-8,-3,95,100,93,0.0,1025.00,3,7,2.0
2015-01-30,1,2,-1,-0,96,100,65,0.0,977.75,4,18,5.0
2015-01-31,-4,1,-8,-3,92,100,75,0.0,985.92,4,9,7.3
2015-01-04,2,10,-5,-6,57,100,24,0.0,1019.44,8,39,8.4
2015-01-05,0,6,-6,-5,63,87,39,0.0,1025.42,11,26,10.0
2015-01-06,0,7,-7,-6,82,100,53,0.0,1025.56,3,7,10.0
2015-01-07,-2,2,-8,-5,91,100,75,0.0,1029.83,2,7,9.4
2015-01-08,-4,2,-9,-6,88,93,70,0.0,1031.02,2,11,7.5
2015-01-09,0,5,-4,-2,85,93,75,0.0,1027.04,9,20,9.4
2015-02-01,0,3,-2,-1,94,100,75,0.0,990.21,4,15,7.2
2015-02-10,-0,7,-8,-4,81,93,49,0.0,1022.54,3,9,10.0
2015-02-11,2,8,-5,-2,83,100,53,0.0,1025.42,3,9,9.3
2015-02-12,2,3,0,-0,87,100,75,0.0,1026.46,2,11,7.2
2015-02-13,2,4,0,-2,79,93,56,0.0,1023.65,1,6,10.0
2015-02-14,1,2,0,-1,90,100,81,0.0,1016.96,1,4,6.2
2015-02-15,2,6,-2,1,96,100,87,0.0,1015.60,3,11,2.7
2015-02-16,3,9,-3,-1,88,100,62,0.0,1021.71,3,9,7.9
2015-02-17,1,7,-5,-2,80,100,53,0.0,1030.51,6,24,7.5
2015-02-18,1,6,-4,-4,71,93,49,0.0,1037.37,7,18,9.6
2015-02-19,0,8,-7,-4,79,100,43,0.0,1031.48,2,7,8.0
2015-02-02,-3,2,-8,-3,91,100,75,0.0,998.77,4,15,6.6
2015-02-20,2,10,-6,-4,75,100,43,0.0,1021.79,2,13,8.2
2015-02-21,2,7,-3,-1,80,93,61,0.0,1009.75,4,13,8.8
2015-02-22,2,5,0,2,96,100,93,0.0,1004.13,4,13,6.2
2015-02-23,4,6,2,3,95,100,81,0.0,1005.50,1,4,6.4
2015-02-24,4,6,3,4,94,100,87,0.0,1004.35,2,7,5.6
2015-02-25,4,7,1,3,91,100,71,0.0,1011.83,3,9,9.9
2015-02-26,6,11,1,1,75,100,43,0.0,1017.23,2,11,10.0
2015-02-27,6,9,2,1,76,93,53,0.0,1013.00,3,13,10.0
2015-02-28,2,7,-2,0,85,100,66,0.0,1017.54,2,7,9.9
2015-02-03,-6,-1,-11,-5,95,100,92,0.0,1003.48,1,6,4.5
2015-02-04,-2,2,-5,-2,94,100,87,0.0,1006.06,3,11,4.1
2015-02-05,-1,0,-2,-2,92,100,80,0.0,1012.40,4,9,5.4
2015-02-06,0,3,-2,-3,83,93,60,0.0,1011.98,6,22,9.0
2015-02-07,-5,1,-11,-7,77,100,52,0.0,1020.77,4,15,9.6
2015-02-08,-5,3,-13,-11,71,100,28,0.0,1013.66,5,26,8.9
2015-02-09,-2,0,-4,-8,64,93,34,0.0,1018.85,6,15,10.0
2015-03-01,4,11,-2,-0,76,100,44,0.0,1014.98,4,15,8.0
2015-03-10,4,13,-4,-3,69,93,31,0.0,1024.94,3,7,10.0
2015-03-11,4,10,-3,-2,68,93,25,0.0,1020.40,5,26,10.0
2015-03-12,6,11,0,-7,38,69,26,0.0,1021.21,13,26,10.0
2015-03-13,4,11,-4,-4,62,87,35,0.0,1019.21,4,18,10.0
2015-03-14,4,10,-2,-2,70,93,43,0.0,1021.29,4,15,10.0
2015-03-15,4,10,-1,0,75,100,50,0.0,1027.19,4,17,9.1
2015-03-16,4,9,-1,2,81,93,62,0.0,1030.02,4,20,8.1
2015-03-17,7,13,1,2,78,100,44,0.0,1028.90,8,24,10.0
2015-03-18,6,14,-3,-0,70,100,36,0.0,1024.65,3,13,9.7
2015-03-19,6,14,-2,-1,66,93,33,0.0,1023.08,3,11,10.0
2015-03-02,4,8,1,4,90,100,76,0.0,1010.63,3,11,9.6
2015-03-20,5,13,-3,-1,64,93,36,0.0,1022.98,3,7,10.0
2015-03-21,5,13,-3,-1,67,100,33,0.0,1017.46,6,20,10.0
2015-03-22,8,14,2,2,72,100,47,0.0,1016.57,7,18,9.5
2015-03-23,8,13,1,1,71,93,41,0.0,1017.42,4,9,9.2
2015-03-24,6,15,-2,1,72,100,36,0.0,1013.15,4,15,9.2
2015-03-25,6,9,2,5,88,100,76,0.0,1007.50,6,13,9.0
2015-03-26,8,11,6,8,96,100,88,0.0,1007.17,7,15,8.2
2015-03-27,8,9,6,6,88,100,66,0.0,1009.81,6,18,7.8
2015-03-28,8,15,2,-1,51,81,27,0.0,1015.37,8,18,10.0
2015-03-29,8,16,0,1,64,93,42,0.0,1011.44,3,11,10.0
2015-03-03,6,12,-1,0,81,100,33,0.0,1021.21,3,9,7.0
2015-03-30,11,16,6,4,68,93,45,0.0,1003.23,5,24,10.0
2015-03-31,10,14,5,5,75,93,58,0.0,1006.96,7,26,10.0
2015-03-04,4,11,-3,-1,76,100,43,0.0,1021.68,6,24,10.0
2015-03-05,6,10,1,-7,47,100,23,0.0,1023.28,9,28,10.0
2015-03-06,4,10,-2,-9,41,69,24,0.0,1029.69,6,17,10.0
2015-03-07,3,11,-5,-5,59,86,28,0.0,1031.73,7,22,10.0
2015-03-08,3,11,-5,-6,59,93,28,0.0,1029.46,8,24,10.0
2015-03-09,4,12,-3,-4,65,93,35,0.0,1027.25,7,20,n/a
2015-04-01,8,14,2,-2,59,100,17,0.0,1010.73,9,39,10.0
2015-04-10,10,20,0,2,65,100,30,0.0,1026.08,4,17,n/a
2015-04-11,11,20,2,3,60,93,30,0.0,1023.08,5,20,10.0
2015-04-12,12,21,4,4,59,93,27,0.0,1028.04,2,9,10.0
2015-04-13,14,24,3,4,59,93,25,0.0,1025.85,4,15,10.0
2015-04-14,13,19,7,6,65,87,37,0.0,1026.00,3,11,10.0
2015-04-15,14,24,4,5,60,93,22,0.0,1021.90,4,20,10.0
2015-04-16,14,24,4,5,58,93,31,0.0,1016.79,5,22,n/a
2015-04-17,13,16,10,8,76,94,54,0.0,1014.17,4,17,10.0
2015-04-18,6,10,2,5,94,100,87,0.0,1017.54,5,24,8.4
2015-04-19,6,12,-1,1,79,100,44,0.0,1021.65,2,7,6.0
2015-04-02,4,12,-3,-3,55,87,28,0.0,1013.37,9,30,10.0
2015-04-20,8,18,-2,1,65,100,31,0.0,1019.63,3,15,10.0
2015-04-21,12,22,2,-0,48,93,15,0.0,1021.81,6,22,10.0
2015-04-22,14,24,3,1,48,81,19,0.0,1020.88,5,13,10.0
2015-04-23,12,21,4,3,54,87,30,0.0,1016.06,6,18,10.0
2015-04-24,12,17,7,7,75,94,51,0.0,1016.02,4,13,10.0
2015-04-25,10,18,3,7,75,100,55,0.0,1016.02,6,20,10.0
2015-04-26,12,19,5,7,68,100,49,0.0,1012.52,7,20,10.0
2015-04-27,14,18,11,10,79,94,56,0.0,1008.46,5,17,10.0
2015-04-28,13,14,11,10,87,94,48,0.0,1005.21,5,18,10.0
2015-04-29,10,16,4,4,65,100,31,0.0,1018.10,5,11,10.0
2015-04-03,6,14,-3,-7,44,80,15,0.0,1016.85,6,17,10.0
2015-04-30,10,16,3,5,71,100,48,0.0,1016.58,3,11,10.0
2015-04-04,4,8,1,1,77,93,56,0.0,1012.50,4,9,10.0
2015-04-05,6,10,2,-3,57,93,31,0.0,1013.63,10,32,10.0
2015-04-06,3,10,-4,-6,55,86,25,0.0,1019.29,5,26,10.0
2015-04-07,8,12,3,-9,31,60,21,0.0,1026.62,10,20,10.0
2015-04-08,9,16,2,-5,38,81,22,0.0,1026.67,10,24,10.0
2015-04-09,7,16,-2,2,70,93,42,0.0,1029.27,3,13,10.0
2015-05-01,10,14,5,8,87,100,63,0.0,1012.29,3,13,9.7
2015-05-10,17,23,11,11,72,100,35,0.0,1022.94,3,15,8.9
2015-05-11,14,23,6,7,62,100,35,0.0,1026.21,4,15,10.0
2015-05-12,15,24,6,8,63,93,35,0.0,1024.75,4,15,n/a
2015-05-13,18,27,9,10,64,100,39,0.0,1017.98,3,15,10.0
2015-05-14,18,25,11,13,77,100,44,0.0,1010.55,4,15,9.5
2015-05-15,14,16,13,13,94,100,82,0.0,1012.21,4,13,8.2
2015-05-16,16,19,12,13,86,100,68,0.0,1019.92,3,11,8.7
2015-05-17,16,21,12,12,78,100,49,0.0,1021.52,4,17,9.9
2015-05-18,18,23,14,12,72,94,46,0.0,1016.15,3,13,10.0
2015-05-19,18,26,10,12,71,100,42,0.0,1008.98,3,15,10.0
2015-05-02,15,20,10,11,80,100,52,0.0,1009.56,3,17,9.0
2015-05-20,17,22,12,13,81,100,50,0.0,1009.21,4,17,10.0
2015-05-21,12,14,9,9,87,100,72,0.0,1016.65,5,17,10.0
2015-05-22,11,12,10,10,94,100,82,0.0,1015.96,3,9,9.3
2015-05-23,10,12,9,10,93,100,87,0.0,1012.43,6,17,10.0
2015-05-24,14,20,9,10,83,100,46,0.0,1015.06,2,7,10.0
2015-05-25,15,21,9,10,77,100,43,0.0,1012.12,4,15,10.0
2015-05-26,15,21,9,11,82,100,49,0.0,1010.45,3,26,10.0
2015-05-27,14,18,11,5,61,100,28,0.0,1016.17,6,20,9.2
2015-05-28,13,20,6,5,61,93,37,0.0,1018.19,4,13,10.0
2015-05-29,16,25,6,7,64,93,21,0.0,1015.50,4,17,10.0
2015-05-03,14,15,13,12,90,94,77,0.0,1013.48,3,11,9.7
2015-05-30,17,25,9,10,65,94,38,0.0,1014.06,4,13,10.0
2015-05-31,18,21,14,13,81,100,56,0.0,1018.96,5,11,10.0
2015-05-04,16,22,10,12,78,100,53,0.0,1014.33,6,18,10.0
2015-05-05,17,24,10,12,72,100,50,0.0,1013.67,6,17,10.0
2015-05-06,18,27,10,12,68,94,39,0.0,1012.49,5,26,10.0
2015-05-07,18,23,12,10,64,94,35,0.0,1017.71,5,13,10.0
2015-05-08,16,24,8,8,61,93,33,0.0,1017.08,4,13,10.0
2015-05-09,18,23,12,11,78,100,43,0.0,1017.31,4,18,10.0
2015-06-01,18,26,10,12,73,100,42,0.0,1018.22,3,13,10.0
2015-06-10,19,26,12,15,75,100,47,0.0,1020.62,5,17,9.1
2015-06-11,22,28,15,16,72,100,45,0.0,1018.58,4,17,10.0
2015-06-12,22,30,15,15,67,100,33,0.0,1016.31,5,17,10.0
2015-06-13,22,28,16,14,61,94,35,0.0,1015.10,8,28,10.0
2015-06-14,21,28,14,14,70,94,37,0.0,1012.77,5,26,10.0
2015-06-15,20,25,15,15,77,100,53,0.0,1012.54,5,18,10.0
2015-06-16,17,18,15,15,87,100,77,0.0,1016.54,4,13,10.0
2015-06-17,16,20,13,11,76,100,52,0.0,1018.19,7,22,10.0
2015-06-18,14,22,7,9,67,93,43,0.0,1016.27,4,13,10.0
2015-06-19,15,18,12,13,90,100,77,0.0,1013.40,2,9,9.8
2015-06-02,19,27,11,13,69,100,32,0.0,1019.37,3,15,10.0
2015-06-20,14,18,10,11,88,100,64,0.0,1016.12,3,26,9.9
2015-06-21,14,20,7,9,79,100,46,0.0,1018.21,2,9,8.8
2015-06-22,15,22,8,10,73,100,50,0.0,1016.31,5,20,10.0
2015-06-23,14,16,11,12,90,100,68,0.0,1012.02,5,20,8.1
2015-06-24,15,20,10,11,79,100,52,0.0,1020.40,5,17,9.7
2015-06-25,15,23,7,10,71,100,40,0.0,1022.58,3,11,9.8
2015-06-26,18,25,11,12,70,100,39,0.0,1020.46,3,15,10.0
2015-06-27,18,24,13,14,84,100,53,0.0,1018.50,2,26,9.8
2015-06-28,20,25,14,14,76,100,44,0.0,1018.69,4,17,8.1
2015-06-29,18,24,12,13,72,100,47,0.0,1021.94,3,11,10.0
2015-06-03,22,30,13,15,70,100,40,0.0,1021.75,3,13,10.0
2015-06-30,20,27,14,15,74,100,42,0.0,1021.75,6,18,10.0
2015-06-04,24,30,17,17,69,94,37,0.0,1023.17,4,15,10.0
2015-06-05,22,28,15,15,67,94,42,0.0,1023.44,5,11,10.0
2015-06-06,23,30,16,15,65,94,30,0.0,1022.79,3,11,10.0
2015-06-07,22,29,15,15,62,94,37,0.0,1023.06,7,24,10.0
2015-06-08,21,28,14,12,56,88,32,0.0,1019.17,7,20,10.0
2015-06-09,20,28,12,13,67,100,36,0.0,1016.87,6,32,9.6
2015-07-01,22,29,14,16,72,100,45,0.0,1021.81,3,13,10.0
2015-07-10,18,24,12,12,69,100,41,0.0,1020.83,3,9,10.0
2015-07-11,20,29,12,13,67,100,32,0.0,1018.31,3,15,10.0
2015-07-12,23,31,15,15,64,94,29,0.0,1016.69,5,15,10.0
2015-07-13,21,25,17,16,81,100,54,0.0,1016.37,5,18,10.0
2015-07-14,22,29,16,17,75,100,42,0.0,1017.54,2,7,9.0
2015-07-15,24,31,16,17,71,100,38,0.0,1018.38,4,26,10.0
2015-07-16,24,31,16,19,74,100,49,0.0,1019.33,3,9,10.0
2015-07-17,26,34,18,18,64,94,32,0.0,1018.08,5,17,10.0
2015-07-18,26,33,19,18,63,94,38,0.0,1017.81,4,13,10.0
2015-07-19,26,34,19,19,64,94,30,0.0,1014.19,4,18,10.0
2015-07-02,23,31,15,17,71,100,40,0.0,1023.00,3,13,10.0
2015-07-20,26,32,19,18,68,94,38,0.0,1014.30,5,18,10.0
2015-07-21,26,34,19,19,66,94,38,0.0,1016.40,6,18,10.0
2015-07-22,26,34,18,19,65,100,34,0.0,1015.21,4,11,10.0
2015-07-23,26,34,18,18,67,100,36,0.0,1012.60,4,22,10.0
2015-07-24,24,30,19,18,69,94,45,0.0,1012.65,5,17,10.0
2015-07-25,22,26,17,19,84,100,65,0.0,1009.56,6,20,9.8
2015-07-26,18,19,16,15,86,100,64,0.0,1014.75,9,28,9.9
2015-07-27,18,20,15,16,91,100,83,0.0,1009.38,2,15,9.9
2015-07-28,18,20,16,16,91,100,78,0.0,1011.23,2,7,9.9
2015-07-29,18,19,16,16,91,100,78,0.0,1011.25,3,15,9.8
2015-07-03,24,30,18,18,70,94,45,0.0,1025.56,5,15,10.0
2015-07-30,14,16,13,14,92,100,82,0.0,1014.77,5,18,9.5
2015-07-31,18,23,12,12,77,100,41,0.0,1017.54,5,18,9.6
2015-07-04,24,30,19,19,71,94,48,0.0,1024.17,3,11,10.0
2015-07-05,24,31,17,19,70,100,43,0.0,1020.33,3,11,10.0
2015-07-06,26,34,18,20,72,100,38,0.0,1018.58,3,17,10.0
2015-07-07,28,35,20,20,67,100,36,0.0,1016.77,3,15,10.0
2015-07-08,26,32,19,19,70,100,45,0.0,1010.35,4,26,10.0
2015-07-09,19,23,14,14,78,100,50,0.0,1016.73,6,15,10.0
2015-08-01,16,24,9,12,74,100,46,0.0,1017.48,5,15,10.0
2015-08-10,22,31,14,13,59,94,27,0.0,1015.91,6,18,10.0
2015-08-11,23,32,14,14,64,94,24,0.0,1015.41,5,20,10.0
2015-08-12,23,32,14,14,64,94,29,0.0,1018.06,5,13,10.0
2015-08-13,24,33,14,15,61,94,28,0.0,1016.73,5,11,10.0
2015-08-14,24,32,16,16,67,94,36,0.0,1012.10,2,20,10.0
2015-08-15,24,30,18,17,72,94,43,0.0,1009.81,4,15,10.0
2015-08-16,22,26,18,17,82,100,47,0.0,1008.75,6,18,10.0
2015-08-17,18,20,17,17,92,100,83,0.0,1008.58,3,11,9.4
2015-08-18,20,24,15,16,86,100,53,0.0,1013.08,3,17,9.4
2015-08-19,17,20,14,15,92,100,68,0.0,1015.65,3,13,9.5
2015-08-02,21,25,17,17,85,100,61,0.0,1017.65,4,20,7.8
2015-08-20,18,22,15,15,83,100,60,0.0,1019.56,4,17,8.4
2015-08-21,17,20,14,14,82,100,56,0.0,1023.15,2,9,10.0
2015-08-22,16,23,10,11,72,100,38,0.0,1019.92,3,15,10.0
2015-08-23,16,23,9,12,77,100,47,0.0,1016.15,3,11,10.0
2015-08-24,17,21,13,15,87,100,60,0.0,1015.15,2,9,10.0
2015-08-25,20,25,15,16,90,100,65,0.0,1017.29,4,13,8.8
2015-08-26,20,24,15,14,81,100,57,0.0,1021.56,2,7,9.9
2015-08-27,20,28,11,14,80,100,45,0.0,1018.85,2,9,8.2
2015-08-28,21,30,12,16,77,100,43,0.0,1019.88,2,9,10.0
2015-08-29,22,31,14,17,78,100,43,0.0,1023.27,2,7,10.0
2015-08-03,22,27,16,17,78,100,54,0.0,1018.98,5,11,10.0
2015-08-30,22,31,14,18,78,100,46,0.0,1022.10,2,7,10.0
2015-08-31,22,30,14,16,73,100,37,0.0,1018.02,5,20,10.0
2015-08-04,22,30,15,18,74,100,45,0.0,1016.71,4,11,10.0
2015-08-05,25,30,20,19,72,94,43,0.0,1017.58,4,15,10.0
2015-08-06,24,32,17,18,72,100,43,0.0,1018.08,4,11,10.0
2015-08-07,24,32,17,19,71,100,40,0.0,1018.52,3,13,9.9
2015-08-08,26,33,18,18,71,94,36,0.0,1018.94,5,20,10.0
2015-08-09,24,32,17,16,64,94,29,0.0,1018.00,7,20,10.0
2015-09-01,22,31,14,14,67,100,30,0.0,1013.54,3,17,10.0
2015-09-10,12,19,5,7,73,93,45,0.0,1019.00,6,17,10.0
2015-09-11,14,20,8,9,77,100,52,0.0,1020.50,5,11,10.0
2015-09-12,14,23,6,10,77,100,44,0.0,1021.47,2,13,9.4
2015-09-13,16,24,8,12,77,100,53,0.0,1018.17,2,11,10.0
2015-09-14,17,20,14,16,93,100,82,0.0,1012.27,3,15,9.7
2015-09-15,20,26,14,15,83,100,50,0.0,1012.77,4,24,8.2
2015-09-16,19,25,13,16,91,100,65,0.0,1011.67,4,9,9.9
2015-09-17,22,28,16,18,84,100,58,0.0,1011.19,4,13,7.9
2015-09-18,22,27,17,18,81,100,51,0.0,1014.98,3,17,10.0
2015-09-19,18,20,16,15,82,100,64,0.0,1018.31,3,13,10.0
2015-09-02,20,25,14,16,81,94,57,0.0,1013.31,4,17,10.0
2015-09-20,17,22,11,13,79,100,43,0.0,1017.19,3,9,9.5
2015-09-21,12,19,6,7,74,100,45,0.0,1017.42,3,15,10.0
2015-09-22,12,20,4,8,76,100,46,0.0,1011.63,2,9,10.0
2015-09-23,14,19,10,11,88,100,68,0.0,1008.56,6,33,9.9
2015-09-24,11,13,9,10,94,100,87,0.0,1014.92,9,18,9.5
2015-09-25,12,14,11,12,96,100,88,0.0,1015.85,3,9,6.3
2015-09-26,14,17,12,12,88,100,68,0.0,1019.23,3,9,9.2
2015-09-27,13,17,9,9,80,100,48,0.0,1024.58,4,11,10.0
2015-09-28,10,17,4,5,76,100,39,0.0,1028.00,2,15,10.0
2015-09-29,10,17,3,4,68,100,39,0.0,1028.65,6,22,10.0
2015-09-03,20,24,16,16,83,100,61,0.0,1014.00,3,9,10.0
2015-09-30,10,13,7,5,75,93,54,0.0,1029.21,5,18,10.0
2015-09-04,18,20,15,15,89,100,73,0.0,1014.29,4,18,8.5
2015-09-05,14,17,11,13,91,100,72,0.0,1013.17,7,18,8.7
2015-09-06,14,20,9,9,80,100,46,0.0,1018.69,7,20,10.0
2015-09-07,12,19,6,7,71,100,37,0.0,1022.31,2,11,10.0
2015-09-08,12,19,4,7,74,100,46,0.0,1022.37,3,15,10.0
2015-09-09,14,19,8,8,74,100,43,0.0,1020.21,3,18,10.0
2016-10-01,16,23,10,10,73,100,41,0.0,1016.23,5,15,10.0
2016-10-10,5,8,2,4,90,100,76,0.0,1020.02,2,9,10.0
2016-10-11,6,10,2,3,89,100,62,0.0,1014.25,3,13,7.0
2016-10-12,7,14,0,2,86,100,48,0.0,1013.67,2,6,6.9
2016-10-13,4,9,-2,2,88,100,76,0.0,1018.08,2,7,10.0
2016-10-14,9,11,7,8,92,100,87,0.0,1018.06,2,7,8.3
2016-10-15,12,14,9,10,95,100,82,0.0,1016.52,5,17,7.2
2016-10-16,11,15,7,10,93,100,77,0.0,1022.25,3,7,5.8
2016-10-17,11,16,6,9,89,100,68,0.0,1025.13,3,13,8.2
2016-10-18,10,12,9,10,94,100,88,0.0,1021.87,3,9,6.2
2016-10-19,10,12,8,8,93,100,82,0.0,1019.29,4,13,7.0
2016-10-02,13,16,10,12,92,100,88,0.0,1014.96,3,11,8.8
2016-10-20,8,9,6,6,93,100,87,0.0,1015.19,5,13,8.9
2016-10-21,7,9,5,5,92,100,76,0.0,1014.48,3,9,8.9
2016-10-22,6,10,1,3,93,100,76,0.0,1016.96,3,7,5.0
2016-10-23,8,13,3,6,92,100,77,0.0,1018.48,2,7,6.2
2016-10-24,12,14,10,11,94,100,94,0.0,1021.52,5,13,9.6
2016-10-25,16,19,14,14,87,94,73,0.0,1022.12,5,13,9.0
2016-10-26,14,15,12,13,93,100,77,0.0,1023.79,5,17,8.3
2016-10-27,10,14,6,6,80,100,58,0.0,1029.15,8,20,10.0
2016-10-28,7,11,2,5,87,100,67,0.0,1032.94,3,7,9.9
2016-10-29,9,16,2,4,86,100,39,0.0,1028.73,2,7,8.4
2016-10-03,12,17,6,9,85,100,59,0.0,1020.58,4,13,9.3
2016-10-30,7,14,0,4,85,100,55,0.0,1026.42,3,7,10.0
2016-10-31,7,12,2,5,85,100,58,0.0,1027.81,2,11,10.0
2016-10-04,10,16,4,6,83,100,45,0.0,1021.58,3,18,6.9
2016-10-05,10,15,3,2,68,100,29,0.0,1021.78,4,13,10.0
2016-10-06,7,16,-2,1,74,100,39,0.0,1015.42,3,7,10.0
2016-10-07,6,11,2,4,84,100,67,0.0,1015.73,3,11,10.0
2016-10-08,10,12,7,5,80,93,54,0.0,1018.42,2,7,10.0
2016-10-09,8,12,3,6,83,100,58,0.0,1021.15,2,9,10.0
2016-11-01,6,13,-1,3,91,100,67,0.0,1023.35,2,7,6.4
2016-11-10,4,8,0,1,88,100,71,0.0,1010.44,2,6,9.3
2016-11-11,4,6,1,3,93,100,87,0.0,1011.25,4,9,9.2
2016-11-12,4,9,-2,1,85,100,46,0.0,1014.63,4,15,10.0
2016-11-13,0,5,-4,-2,87,100,70,0.0,1024.13,3,9,9.5
2016-11-14,1,4,-2,-3,73,93,52,0.0,1031.19,3,15,10.0
2016-11-15,-0,5,-6,-5,79,100,49,0.0,1031.52,2,7,10.0
2016-11-16,3,8,-2,-1,82,93,53,0.0,1023.52,1,4,10.0
2016-11-17,7,12,2,3,78,100,58,0.0,1019.13,4,15,10.0
2016-11-18,10,11,8,8,89,100,62,0.0,1016.02,5,13,9.1
2016-11-19,11,13,9,10,97,100,87,0.0,1012.62,4,26,7.8
2016-11-02,8,11,4,6,90,100,82,0.0,1014.98,6,11,8.5
2016-11-20,11,16,6,8,93,100,63,0.0,1016.37,3,13,7.4
2016-11-21,10,12,8,9,96,100,88,0.0,1017.83,2,7,5.7
2016-11-22,12,17,8,10,94,100,72,0.0,1019.71,2,6,6.3
2016-11-23,11,15,7,9,94,100,77,0.0,1022.06,3,9,6.1
2016-11-24,10,13,8,10,96,100,88,0.0,1019.98,3,9,9.2
2016-11-25,11,13,9,11,97,100,88,0.0,1017.08,2,9,6.3
2016-11-26,8,9,8,8,96,100,93,0.0,1016.40,3,6,4.0
2016-11-27,9,10,8,8,95,100,87,0.0,1012.15,2,15,3.9
2016-11-28,2,8,-3,-1,76,93,48,0.0,1018.81,11,22,9.9
2016-11-29,-1,4,-6,-8,68,93,31,0.0,1029.21,3,7,10.0
2016-11-03,4,8,-1,4,92,100,81,0.0,1019.65,5,15,9.2
2016-11-30,-3,2,-8,-7,82,93,52,0.0,1029.92,2,6,n/a
2016-11-04,2,7,-2,0,94,100,71,0.0,1020.98,2,7,4.6
2016-11-05,6,13,0,6,94,100,87,0.0,1010.06,3,7,8.0
2016-11-06,13,15,8,11,91,100,72,0.0,996.90,7,18,9.8
2016-11-07,5,9,1,3,93,100,76,0.0,1005.58,6,17,9.8
2016-11-08,3,4,2,2,92,100,81,0.0,1008.31,3,9,9.1
2016-11-09,4,7,0,0,87,100,57,0.0,1008.73,2,7,8.5
2016-12-01,-1,5,-7,-5,86,100,57,0.0,1020.42,2,7,10.0
2016-12-10,0,8,-7,-5,85,100,53,0.0,1026.12,2,7,n/a
2016-12-11,1,9,-7,-3,85,100,53,0.0,1018.77,3,11,7.0
2016-12-12,3,10,-4,-2,89,100,62,0.0,1019.67,2,9,8.9
2016-12-13,-1,4,-6,-3,93,100,70,0.0,1028.50,2,9,7.6
2016-12-14,2,8,-4,-3,88,100,62,0.0,1024.79,2,7,8.0
2016-12-15,-2,2,-5,-2,93,100,87,0.0,1028.17,1,6,9.0
2016-12-16,0,3,-3,-2,82,93,65,0.0,1034.10,3,11,9.0
2016-12-17,-2,4,-7,-5,86,100,61,0.0,1037.50,2,7,7.6
2016-12-18,-3,3,-9,-6,86,93,65,0.0,1032.87,2,6,7.3
2016-12-19,-3,0,-6,-4,89,100,80,0.0,1032.48,2,6,6.2
2016-12-02,0,7,-6,-3,88,100,66,0.0,1014.33,3,7,10.0
2016-12-20,-2,-1,-2,-3,92,93,86,0.0,1031.10,2,6,4.4
2016-12-21,-3,-2,-4,-5,90,100,86,0.0,1033.10,4,7,4.8
2016-12-22,-4,-4,-5,-5,93,100,93,0.0,1033.92,4,7,4.9
2016-12-23,-4,-1,-8,-6,94,100,80,0.0,1034.90,3,6,4.8
2016-12-24,-4,1,-8,-6,93,100,81,0.0,1029.63,2,6,4.2
2016-12-25,-3,-1,-5,-4,97,100,93,0.0,1026.35,2,7,0.9
2016-12-26,1,8,-6,-3,88,100,62,0.0,1025.90,3,7,5.7
2016-12-27,3,10,-4,-5,67,100,22,0.0,1030.46,7,33,10.0
2016-12-28,6,11,0,-5,49,93,28,0.0,1031.52,13,30,10.0
2016-12-29,-2,3,-7,-4,84,100,60,0.0,1037.50,3,7,10.0
2016-12-03,0,4,-4,-2,90,100,65,0.0,1023.60,2,6,10.0
2016-12-30,-4,2,-10,-8,82,93,52,0.0,1037.64,2,7,n/a
2016-12-31,-4,4,-11,-9,81,93,48,0.0,1032.71,2,6,n/a
2016-12-04,-1,5,-7,-4,85,100,57,0.0,1028.19,2,7,10.0
2016-12-05,0,5,-5,-3,83,93,53,0.0,1029.04,1,6,9.5
2016-12-06,-0,7,-8,-5,87,100,53,0.0,1028.40,2,7,5.4
2016-12-07,-0,5,-6,-4,86,100,57,0.0,1036.48,3,7,9.7
2016-12-08,-2,5,-8,-5,88,100,65,0.0,1035.04,2,6,7.6
2016-12-09,2,10,-6,-5,82,100,40,0.0,1029.75,3,7,7.5
2016-01-01,-3,1,-7,-7,80,93,60,0.0,1025.79,1,7,9.4
2016-01-10,4,8,1,3,96,100,87,0.0,1002.56,3,11,5.2
2016-01-11,8,12,5,7,90,100,77,0.0,997.08,3,11,9.5
2016-01-12,4,10,-1,3,89,100,62,0.0,1000.02,6,22,10.0
2016-01-13,0,5,-4,-2,97,100,87,0.0,1010.56,3,7,6.7
2016-01-14,-2,1,-6,-2,95,100,87,0.0,1014.21,2,7,6.8
2016-01-15,2,4,-1,-0,97,100,81,0.0,1008.37,2,7,4.4
2016-01-16,0,4,-4,-3,88,100,51,0.0,1013.27,1,9,5.4
2016-01-17,-2,4,-8,-10,61,93,24,0.0,1014.35,6,24,10.0
2016-01-18,-4,1,-10,-10,70,93,28,0.0,1018.85,6,20,10.0
2016-01-19,-7,-2,-12,-10,82,93,59,0.0,1016.40,1,4,10.0
2016-01-02,-5,-1,-9,-6,89,93,80,0.0,1019.85,1,7,4.7
2016-01-20,-4,2,-11,-10,76,93,38,0.0,1015.94,2,7,n/a
2016-01-21,-4,4,-11,-9,74,93,42,0.0,1022.90,2,9,10.0
2016-01-22,-4,0,-9,-7,79,93,60,0.0,1032.10,1,6,10.0
2016-01-23,-6,-1,-11,-9,85,93,69,0.0,1031.63,2,6,9.4
2016-01-24,-4,3,-11,-7,83,93,60,0.0,1033.60,2,6,7.1
2016-01-25,2,7,-3,-4,79,93,46,0.0,1029.42,2,9,9.9
2016-01-26,4,12,-5,-3,77,93,38,0.0,1027.94,3,7,10.0
2016-01-27,4,13,-5,-1,78,100,47,0.0,1026.83,3,9,6.8
2016-01-28,6,13,-2,1,84,100,58,0.0,1026.52,7,17,7.6
2016-01-29,5,12,-2,0,85,100,58,0.0,1028.85,4,11,7.8
2016-01-03,-4,-2,-6,-6,88,93,74,0.0,1013.27,7,15,5.1
2016-01-30,3,9,-3,1,87,100,71,0.0,1024.52,6,17,7.1
2016-01-31,7,9,5,5,94,100,76,0.0,1014.52,6,20,9.3
2016-01-04,-8,-5,-11,-9,88,100,80,0.0,1000.90,2,9,5.2
2016-01-05,-5,-2,-8,-5,92,100,86,0.0,1000.88,2,7,3.9
2016-01-06,0,1,-1,-1,95,100,87,0.0,1000.90,4,11,1.9
2016-01-07,-2,0,-4,-2,97,100,86,0.0,1002.79,2,7,1.3
2016-01-08,-4,1,-9,-4,95,100,86,0.0,1008.35,3,7,5.1
2016-01-09,2,3,0,1,97,100,87,0.0,1006.23,1,7,1.2
2016-02-01,8,14,3,4,87,100,59,0.0,1020.38,6,15,9.7
2016-02-10,4,8,-2,2,86,100,61,0.0,994.98,8,26,9.7
2016-02-11,2,8,-5,-2,87,100,50,0.0,1006.81,3,9,8.9
2016-02-12,-0,2,-3,-1,95,100,86,0.0,1004.71,3,7,4.2
2016-02-13,2,4,0,1,96,100,87,0.0,995.31,3,11,3.9
2016-02-14,2,4,1,2,94,100,87,0.0,994.35,7,17,8.1
2016-02-15,2,5,0,2,97,100,93,0.0,1005.98,4,11,4.2
2016-02-16,2,4,0,1,96,100,93,0.0,1025.79,3,9,7.4
2016-02-17,1,2,0,0,97,100,93,0.0,1021.98,4,9,3.7
2016-02-18,2,4,0,2,97,100,93,0.0,1014.79,4,11,4.2
2016-02-19,4,6,3,3,93,100,81,0.0,1016.10,3,17,5.5
2016-02-02,6,12,0,4,83,100,71,0.0,1023.00,6,13,10.0
2016-02-20,4,8,-1,1,89,100,61,0.0,1022.69,3,11,7.2
2016-02-21,5,12,-2,-0,78,100,44,0.0,1019.67,3,11,10.0
2016-02-22,6,10,1,3,82,93,71,0.0,1017.17,7,17,10.0
2016-02-23,8,11,6,7,90,100,82,0.0,1010.06,6,15,9.6
2016-02-24,4,8,1,1,77,93,53,0.0,1014.98,8,28,10.0
2016-02-25,2,5,0,1,88,100,75,0.0,1010.65,1,7,9.8
2016-02-26,1,4,-2,-0,87,100,70,0.0,1012.52,6,18,8.7
2016-02-27,0,3,-3,-1,92,100,75,0.0,1012.08,2,7,6.8
2016-02-28,3,5,1,2,95,100,87,0.0,1012.69,4,11,5.3
2016-02-29,6,9,4,5,92,100,81,0.0,1008.04,5,11,9.5
2016-02-03,6,10,3,6,88,100,71,0.0,1015.33,5,20,9.1
2016-02-04,4,9,-1,-1,82,100,34,0.0,1020.73,6,13,8.9
2016-02-05,2,9,-4,-2,80,100,46,0.0,1025.15,2,9,10.0
2016-02-06,3,11,-5,-2,75,93,44,0.0,1026.33,4,17,10.0
2016-02-07,6,8,4,3,78,87,66,0.0,1017.52,6,11,10.0
2016-02-08,8,10,7,7,94,100,87,0.0,1013.83,3,11,8.3
2016-02-09,8,10,6,6,88,100,76,0.0,1009.21,6,13,10.0
2016-03-01,4,10,-1,3,88,100,58,0.0,1011.40,5,11,8.8
2016-03-10,8,13,2,1,74,93,33,0.0,1010.46,5,15,10.0
2016-03-11,8,11,4,3,78,93,50,0.0,1016.48,2,7,10.0
2016-03-12,6,11,2,3,80,100,54,0.0,1020.42,4,18,9.8
2016-03-13,6,10,3,0,66,87,50,0.0,1021.90,7,22,10.0
2016-03-14,5,11,-1,-3,55,81,30,0.0,1023.38,8,22,10.0
2016-03-15,2,6,-3,-2,80,100,49,0.0,1018.60,3,9,9.7
2016-03-16,1,4,-2,-1,86,100,70,0.0,1025.29,3,11,8.6
2016-03-17,6,12,-1,-0,72,93,38,0.0,1026.02,2,11,10.0
2016-03-18,6,16,-4,-1,71,100,31,0.0,1016.85,2,9,10.0
2016-03-19,7,17,-3,-1,64,93,27,0.0,1015.40,3,7,10.0
2016-03-02,4,11,-3,1,88,100,54,0.0,1008.77,2,7,7.8
2016-03-20,7,16,-2,1,71,93,39,0.0,1015.37,5,20,10.0
2016-03-21,6,11,0,3,82,93,62,0.0,1013.85,5,17,8.4
2016-03-22,9,13,5,3,74,100,47,0.0,1009.25,5,22,6.7
2016-03-23,5,8,2,-2,60,81,43,0.0,1002.79,13,26,10.0
2016-03-24,5,12,-2,-5,55,86,24,0.0,1008.33,4,18,10.0
2016-03-25,4,12,-3,-2,64,86,41,0.0,1015.37,4,18,10.0
2016-03-26,7,13,1,2,74,93,44,0.0,1017.23,2,7,10.0
2016-03-27,6,14,-2,1,75,100,47,0.0,1015.54,3,15,10.0
2016-03-28,7,11,3,4,83,93,71,0.0,1012.65,3,11,10.0
2016-03-29,11,16,6,6,75,93,52,0.0,1013.35,6,15,10.0
2016-03-03,2,4,1,1,87,93,61,0.0,997.63,6,20,9.1
2016-03-30,9,14,4,6,79,100,63,0.0,1017.94,5,11,10.0
2016-03-31,14,18,9,8,75,100,49,0.0,1016.94,7,18,9.7
2016-03-04,6,12,0,-1,64,93,37,0.0,1002.79,12,30,10.0
2016-03-05,3,8,-2,1,86,100,66,0.0,1002.51,5,18,9.5
2016-03-06,7,10,4,4,86,100,62,0.0,999.88,6,17,9.8
2016-03-07,2,4,0,1,94,100,87,0.0,1002.33,2,6,7.2
2016-03-08,4,7,0,2,90,100,70,0.0,1009.38,3,13,8.1
2016-03-09,3,5,1,1,87,100,70,0.0,1011.92,5,11,9.7
2016-04-01,13,18,8,9,73,93,52,0.0,1015.75,8,22,10.0
2016-04-10,12,16,9,8,83,100,59,0.0,1008.69,3,11,9.0
2016-04-11,14,20,8,8,72,94,40,0.0,1012.17,3,17,10.0
2016-04-12,12,20,3,5,65,100,30,0.0,1012.33,6,22,10.0
2016-04-13,14,20,7,7,65,87,46,0.0,1008.96,6,17,10.0
2016-04-14,10,14,5,8,87,100,67,0.0,1008.62,5,28,9.7
2016-04-15,12,19,4,6,70,100,40,0.0,1013.27,5,20,10.0
2016-04-16,13,20,6,6,61,93,35,0.0,1012.29,9,26,10.0
2016-04-17,14,20,8,8,67,88,46,0.0,1012.06,9,24,10.0
2016-04-18,13,19,7,8,73,94,52,0.0,1014.21,4,18,10.0
2016-04-19,10,15,4,7,79,93,63,0.0,1019.33,4,15,10.0
2016-04-02,10,16,4,4,64,93,44,0.0,1022.37,6,15,10.0
2016-04-20,8,16,0,3,70,100,42,0.0,1025.23,3,13,10.0
2016-04-21,11,21,1,4,67,93,35,0.0,1024.31,3,11,10.0
2016-04-22,12,21,3,5,65,100,40,0.0,1014.92,4,17,10.0
2016-04-23,9,15,3,6,77,93,59,0.0,1006.67,3,15,10.0
2016-04-24,8,11,3,5,83,100,58,0.0,1003.69,4,17,9.2
2016-04-25,6,11,0,-2,65,100,24,0.0,1007.29,4,13,10.0
2016-04-26,5,11,-1,2,77,93,47,0.0,1008.33,3,13,10.0
2016-04-27,6,12,0,4,94,100,72,0.0,1007.92,6,22,6.9
2016-04-28,2,5,0,1,91,100,76,0.0,1017.31,2,13,8.6
2016-04-29,7,14,0,1,77,100,38,0.0,1019.65,2,7,7.1
2016-04-03,12,22,1,4,68,100,31,0.0,1018.73,3,17,n/a
2016-04-30,8,18,-2,2,70,100,34,0.0,1018.06,3,15,10.0
2016-04-04,12,20,4,6,69,93,43,0.0,1013.81,5,22,10.0
2016-04-05,14,22,5,6,65,100,35,0.0,1011.46,5,17,10.0
2016-04-06,14,24,4,6,66,93,34,0.0,1010.73,3,11,10.0
2016-04-07,14,22,5,7,66,93,35,0.0,1009.37,3,7,10.0
2016-04-08,10,12,8,9,90,100,77,0.0,1004.85,4,9,8.7
2016-04-09,10,10,9,9,95,100,87,0.0,1003.81,4,7,8.7
2016-05-01,8,10,7,7,91,100,82,0.0,1013.73,5,15,8.5
2016-05-10,12,16,8,9,81,93,59,0.0,1015.62,2,9,10.0
2016-05-11,12,15,9,10,87,100,72,0.0,1010.25,5,11,8.9
2016-05-12,12,16,9,12,94,100,77,0.0,1000.77,3,11,7.3
2016-05-13,13,16,10,11,89,100,72,0.0,998.13,3,15,9.8
2016-05-14,14,18,11,11,93,100,73,0.0,1003.71,2,15,9.3
2016-05-15,10,12,8,8,91,100,77,0.0,1013.15,4,18,8.9
2016-05-16,10,16,5,5,77,100,39,0.0,1018.23,2,15,10.0
2016-05-17,10,16,3,5,74,100,39,0.0,1017.50,5,11,8.9
2016-05-18,10,17,4,7,74,100,48,0.0,1015.52,4,17,10.0
2016-05-19,12,18,6,8,82,94,56,0.0,1011.60,5,18,10.0
2016-05-02,12,16,8,8,84,100,59,0.0,1013.65,4,17,10.0
2016-05-20,14,20,9,9,76,100,43,0.0,1016.50,4,20,9.9
2016-05-21,14,24,5,8,68,100,38,0.0,1019.73,3,11,10.0
2016-05-22,18,27,8,10,65,94,36,0.0,1016.98,4,18,10.0
2016-05-23,16,23,8,10,74,100,46,0.0,1010.96,5,15,9.9
2016-05-24,14,18,9,10,83,100,63,0.0,1008.00,6,15,9.9
2016-05-25,16,25,7,10,69,100,38,0.0,1011.56,4,17,10.0
2016-05-26,18,26,10,11,68,100,34,0.0,1015.46,3,18,10.0
2016-05-27,19,28,10,12,64,94,32,0.0,1016.42,6,18,10.0
2016-05-28,20,28,11,12,61,94,37,0.0,1014.17,4,20,10.0
2016-05-29,19,26,12,13,70,94,42,0.0,1009.90,5,20,10.0
2016-05-03,13,20,6,4,56,100,28,0.0,1012.94,7,20,10.0
2016-05-30,16,19,13,13,86,100,64,0.0,1010.02,5,15,10.0
2016-05-31,16,19,12,12,82,100,59,0.0,1012.98,5,18,10.0
2016-05-04,14,18,10,1,38,58,30,0.0,1017.00,17,26,10.0
2016-05-05,14,20,9,6,64,94,40,0.0,1021.79,5,17,10.0
2016-05-06,13,22,4,7,70,100,35,0.0,1019.10,5,15,10.0
2016-05-07,14,22,5,7,70,100,35,0.0,1015.15,4,20,10.0
2016-05-08,13,21,5,9,81,100,40,0.0,1016.02,4,22,10.0
2016-05-09,14,21,6,8,78,100,43,0.0,1018.19,3,17,6.8
2016-06-01,16,20,11,11,84,94,59,0.0,1013.50,4,15,10.0
2016-06-10,18,22,14,13,84,100,57,0.0,1012.96,3,11,9.1
2016-06-11,17,23,11,14,87,100,53,0.0,1011.45,3,20,9.9
2016-06-12,18,21,14,14,87,100,64,0.0,1009.96,6,15,9.9
2016-06-13,18,23,14,14,80,100,50,0.0,1004.71,3,9,10.0
2016-06-14,16,22,11,13,80,100,53,0.0,1002.53,4,17,10.0
2016-06-15,18,22,14,14,82,100,53,0.0,1003.53,4,13,10.0
2016-06-16,20,25,14,15,77,100,54,0.0,1007.10,3,17,10.0
2016-06-17,20,23,15,13,68,94,41,0.0,1009.96,7,22,10.0
2016-06-18,18,25,11,11,65,94,36,0.0,1017.08,5,17,10.0
2016-06-19,15,20,10,11,78,94,59,0.0,1017.48,3,18,10.0
2016-06-02,16,22,11,11,77,94,49,0.0,1011.60,4,15,10.0
2016-06-20,18,21,14,14,82,94,60,0.0,1018.31,5,15,9.9
2016-06-21,18,26,11,13,75,100,44,0.0,1022.65,2,9,8.2
2016-06-22,21,28,14,15,71,94,42,0.0,1024.25,5,17,10.0
2016-06-23,22,29,16,17,72,94,51,0.0,1023.71,6,17,10.0
2016-06-24,25,31,19,19,71,94,49,0.0,1018.77,4,15,10.0
2016-06-25,25,31,19,19,74,94,50,0.0,1013.42,5,22,10.0
2016-06-26,20,24,15,17,83,100,65,0.0,1015.33,4,15,9.6
2016-06-27,18,21,13,16,83,100,53,0.0,1016.35,4,15,10.0
2016-06-28,18,26,9,12,73,100,36,0.0,1018.28,3,11,9.1
2016-06-29,20,29,12,14,69,100,40,0.0,1016.72,2,11,10.0
2016-06-03,17,24,10,11,72,94,44,0.0,1010.50,3,11,10.0
2016-06-30,22,30,13,14,65,94,35,0.0,1015.83,3,13,10.0
2016-06-04,18,25,10,12,72,100,47,0.0,1011.94,3,15,10.0
2016-06-05,18,24,11,13,76,94,47,0.0,1014.67,4,17,10.0
2016-06-06,19,24,13,14,83,100,50,0.0,1018.58,6,18,10.0
2016-06-07,18,25,10,13,76,100,47,0.0,1021.35,3,17,10.0
2016-06-08,20,25,14,14,80,100,47,0.0,1018.54,3,22,9.9
2016-06-09,16,17,14,14,92,100,82,0.0,1013.94,3,13,9.1
2016-07-01,23,29,17,16,71,94,40,0.0,1017.81,4,17,10.0
2016-07-10,24,31,16,17,68,94,43,0.0,1017.91,3,11,10.0
2016-07-11,24,32,17,18,69,94,40,0.0,1015.06,3,11,10.0
2016-07-12,24,32,16,18,70,94,40,0.0,1012.42,3,17,10.0
2016-07-13,23,28,18,18,78,94,58,0.0,1009.67,7,30,9.8
2016-07-14,17,20,14,12,72,100,49,0.0,1010.79,8,30,10.0
2016-07-15,14,18,11,9,66,88,40,0.0,1018.40,5,18,10.0
2016-07-16,16,19,14,7,52,82,37,0.0,1018.50,11,24,10.0
2016-07-17,20,26,13,12,68,88,39,0.0,1018.58,4,9,10.0
2016-07-18,20,29,11,14,71,94,42,0.0,1020.12,4,17,9.9
2016-07-19,22,28,15,16,76,100,48,0.0,1021.06,3,13,8.6
2016-07-02,23,30,16,17,70,100,40,0.0,1015.48,4,18,10.0
2016-07-20,22,30,15,17,73,100,40,0.0,1018.21,3,22,10.0
2016-07-21,23,31,15,17,71,94,43,0.0,1016.37,2,13,10.0
2016-07-22,24,30,18,18,75,100,45,0.0,1015.52,5,18,9.8
2016-07-23,24,32,16,17,72,100,33,0.0,1016.42,3,13,9.6
2016-07-24,22,30,15,17,70,94,43,0.0,1016.85,3,13,10.0
2016-07-25,24,28,19,18,74,94,51,0.0,1016.96,7,20,10.0
2016-07-26,22,28,16,18,81,100,51,0.0,1017.46,4,17,10.0
2016-07-27,22,28,17,17,78,100,51,0.0,1016.54,7,30,10.0
2016-07-28,21,26,16,17,89,100,61,0.0,1016.71,4,15,9.9
2016-07-29,22,28,16,17,79,100,48,0.0,1016.08,2,7,7.8
2016-07-03,17,19,15,16,91,100,82,0.0,1018.74,4,15,8.9
2016-07-30,24,31,16,17,70,94,40,0.0,1015.75,3,11,10.0
2016-07-31,25,31,19,17,67,88,43,0.0,1013.60,8,32,10.0
2016-07-04,18,25,12,13,73,100,47,0.0,1021.96,3,9,9.4
2016-07-05,20,28,12,14,68,100,42,0.0,1017.36,3,26,10.0
2016-07-06,22,27,16,15,70,94,45,0.0,1016.13,5,17,10.0
2016-07-07,20,25,15,13,66,94,43,0.0,1020.37,4,15,10.0
2016-07-08,20,28,13,15,72,94,51,0.0,1019.42,3,13,10.0
2016-07-09,23,29,17,17,72,94,37,0.0,1018.12,4,15,10.0
2016-08-01,19,22,16,16,88,100,69,0.0,1016.67,4,13,9.8
2016-08-10,16,19,12,13,89,100,68,0.0,1016.10,8,26,9.8
2016-08-11,14,19,10,10,83,100,49,0.0,1021.44,3,17,10.0
2016-08-12,14,21,6,9,73,100,43,0.0,1025.44,2,9,10.0
2016-08-13,18,25,12,12,72,94,47,0.0,1025.83,4,7,10.0
2016-08-14,20,28,12,15,76,100,48,0.0,1023.13,3,9,10.0
2016-08-15,22,29,16,16,73,94,42,0.0,1020.15,4,17,10.0
2016-08-16,20,26,14,16,77,100,57,0.0,1016.67,4,9,9.3
2016-08-17,21,26,16,16,85,100,54,0.0,1012.27,5,20,9.7
2016-08-18,18,23,14,15,86,100,65,0.0,1012.33,3,9,8.7
2016-08-19,21,26,16,16,81,100,51,0.0,1013.15,4,22,10.0
2016-08-02,20,25,14,15,77,100,47,0.0,1019.00,2,9,9.2
2016-08-20,22,27,16,17,81,100,54,0.0,1016.54,4,9,8.8
2016-08-21,20,25,15,17,85,100,65,0.0,1016.96,5,20,9.5
2016-08-22,18,24,11,9,64,100,33,0.0,1023.48,7,18,9.9
2016-08-23,18,26,9,11,66,93,42,0.0,1025.56,4,17,10.0
2016-08-24,18,25,11,13,73,94,50,0.0,1024.67,4,18,10.0
2016-08-25,18,26,11,13,72,100,44,0.0,1022.54,5,20,10.0
2016-08-26,19,26,12,13,71,94,44,0.0,1022.35,3,13,10.0
2016-08-27,20,28,11,14,75,100,45,0.0,1022.04,2,9,10.0
2016-08-28,20,28,12,16,77,100,39,0.0,1019.40,2,9,9.6
2016-08-29,22,30,14,16,80,100,48,0.0,1017.48,3,18,8.7
2016-08-03,21,28,14,14,70,94,39,0.0,1017.75,2,11,10.0
2016-08-30,22,27,16,15,74,100,45,0.0,1021.60,5,17,9.6
2016-08-31,19,25,13,13,72,94,44,0.0,1022.73,4,11,10.0
2016-08-04,22,30,14,16,69,100,37,0.0,1015.60,4,11,10.0
2016-08-05,22,28,16,16,79,94,48,0.0,1012.63,4,26,10.0
2016-08-06,20,25,14,13,75,100,41,0.0,1020.67,6,17,10.0
2016-08-07,18,26,10,11,66,94,39,0.0,1025.25,4,17,10.0
2016-08-08,19,27,11,12,66,94,37,0.0,1022.29,3,11,10.0
2016-08-09,20,28,12,13,67,94,42,0.0,1017.00,3,18,10.0
2016-09-01,19,27,11,14,76,100,47,0.0,1021.55,3,20,10.0
2016-09-10,20,28,12,14,72,100,39,0.0,1016.96,7,17,10.0
2016-09-11,20,28,13,14,73,94,42,0.0,1018.34,5,20,10.0
2016-09-12,20,28,13,15,77,100,48,0.0,1020.24,5,15,10.0
2016-09-13,20,28,13,15,75,94,45,0.0,1017.96,2,11,10.0
2016-09-14,20,27,12,15,80,100,48,0.0,1015.90,2,18,10.0
2016-09-15,20,26,13,15,85,100,57,0.0,1016.81,3,17,9.6
2016-09-16,16,20,13,16,94,100,83,0.0,1015.73,4,9,8.3
2016-09-17,18,20,15,15,88,100,64,0.0,1010.94,5,11,9.0
2016-09-18,16,20,13,14,90,100,68,0.0,1011.47,3,15,9.9
2016-09-19,18,23,13,12,75,100,43,0.0,1009.60,5,24,7.1
2016-09-02,21,28,14,16,80,100,45,0.0,1020.91,2,9,8.9
2016-09-20,16,20,12,12,85,100,60,0.0,1013.58,5,15,10.0
2016-09-21,13,17,8,9,80,94,52,0.0,1017.88,4,11,10.0
2016-09-22,12,19,4,8,78,100,49,0.0,1021.75,3,13,10.0
2016-09-23,14,21,6,9,81,100,46,0.0,1024.83,2,7,8.0
2016-09-24,16,22,9,10,77,100,43,0.0,1026.48,2,9,9.9
2016-09-25,14,21,6,9,79,100,35,0.0,1022.12,2,7,9.2
2016-09-26,14,21,6,9,80,100,49,0.0,1021.56,2,11,10.0
2016-09-27,14,21,8,10,79,100,43,0.0,1025.02,2,13,10.0
2016-09-28,13,21,5,9,80,100,49,0.0,1029.23,1,7,9.4
2016-09-29,15,23,7,10,80,100,50,0.0,1025.44,3,15,9.8
2016-09-03,20,28,13,16,77,100,42,0.0,1019.87,2,7,10.0
2016-09-30,15,23,7,10,79,100,50,0.0,1019.67,3,18,8.8
2016-09-04,22,28,15,16,79,100,51,0.0,1017.06,4,26,10.0
2016-09-05,18,22,14,15,84,100,60,0.0,1015.29,4,13,10.0
2016-09-06,16,18,13,12,79,94,52,0.0,1019.71,6,28,10.0
2016-09-07,18,25,10,13,75,94,53,0.0,1021.53,5,24,10.0
2016-09-08,20,26,13,14,74,94,47,0.0,1017.09,6,18,10.0
2016-09-09,20,28,12,14,72,94,39,0.0,1016.56,7,22,10.0
2017-10-01,11,17,5,6,75,100,45,0.0,1022.55,4,13,10.0
2017-10-10,13,17,9,9,85,100,55,0.0,1019.71,3,9,9.7
2017-10-11,12,18,5,8,87,100,56,0.0,1022.53,3,17,9.5
2017-10-12,12,21,3,8,85,100,53,0.0,1023.45,3,7,10.0
2017-10-13,12,21,4,8,86,100,49,0.0,1026.19,4,9,10.0
2017-10-14,12,20,3,8,90,100,60,0.0,1028.60,3,7,9.6
2017-10-15,14,21,6,9,92,100,56,0.0,1029.04,3,7,5.9
2017-10-16,13,22,4,9,90,100,53,0.0,1027.98,3,7,8.6
2017-10-17,12,22,3,8,87,100,49,0.0,1025.45,4,7,10.0
2017-10-18,13,22,4,8,84,100,41,0.0,1019.13,4,11,8.9
2017-10-19,12,22,1,6,81,100,41,0.0,1017.45,4,11,10.0
2017-10-02,9,17,1,5,83,100,45,0.0,1023.77,3,7,10.0
2017-10-20,10,19,2,6,84,100,49,0.0,1018.61,5,20,n/a
2017-10-21,11,19,3,7,86,100,49,0.0,1019.23,4,13,7.7
2017-10-22,8,11,5,8,96,100,76,0.0,1014.45,6,18,8.2
2017-10-23,9,13,5,4,79,100,38,0.0,1011.26,6,22,9.5
2017-10-24,11,18,4,1,43,87,30,0.0,1018.71,20,37,10.0
2017-10-25,8,15,0,3,84,100,51,0.0,1026.13,2,7,10.0
2017-10-26,10,19,0,5,87,100,49,0.0,1025.33,3,7,10.0
2017-10-27,10,18,3,4,71,100,31,0.0,1017.57,6,35,10.0
2017-10-28,8,13,2,2,73,100,33,0.0,1017.80,9,33,10.0
2017-10-29,8,15,0,2,71,100,33,0.0,1005.28,7,30,10.0
2017-10-03,10,15,5,9,95,100,77,0.0,1019.89,4,15,7.3
2017-10-30,6,13,-2,-2,66,93,29,0.0,1016.72,6,17,10.0
2017-10-31,4,12,-5,-2,78,100,35,0.0,1024.81,3,9,n/a
2017-10-04,12,17,6,10,91,100,63,0.0,1024.64,3,7,7.9
2017-10-05,14,20,8,10,81,100,56,0.0,1016.18,7,20,9.0
2017-10-06,9,14,3,8,83,100,63,0.0,1012.21,8,24,9.3
2017-10-07,8,16,1,4,83,100,45,0.0,1018.52,3,7,7.1
2017-10-08,10,18,2,6,85,100,52,0.0,1015.27,2,9,10.0
2017-10-09,10,17,3,7,83,100,52,0.0,1017.63,4,11,10.0
2017-11-01,4,12,-4,1,83,100,51,0.0,1023.47,3,7,n/a
2017-11-10,7,11,3,6,95,100,71,0.0,1019.81,3,7,6.6
2017-11-11,4,7,0,3,99,100,93,0.0,1013.48,3,7,5.4
2017-11-12,6,10,2,5,91,100,76,0.0,1005.09,8,20,9.4
2017-11-13,4,8,0,2,96,100,81,0.0,1003.56,8,24,9.2
2017-11-14,2,8,-3,-1,86,100,53,0.0,1019.54,5,17,10.0
2017-11-15,0,5,-4,-1,89,100,61,0.0,1025.40,4,9,10.0
2017-11-16,4,6,2,2,90,100,76,0.0,1023.43,2,7,10.0
2017-11-17,6,7,4,3,89,100,76,0.0,1021.11,3,11,8.9
2017-11-18,2,6,-2,2,90,100,81,0.0,1019.27,4,11,8.4
2017-11-19,0,4,-4,-1,97,100,87,0.0,1013.85,3,7,5.9
2017-11-02,6,14,-2,3,87,100,59,0.0,1018.54,3,11,10.0
2017-11-20,2,6,-3,-1,96,100,66,0.0,1018.57,3,7,2.8
2017-11-21,3,10,-4,0,91,100,62,0.0,1017.32,3,9,10.0
2017-11-22,6,12,1,3,84,100,58,0.0,1018.37,9,17,9.8
2017-11-23,6,13,-1,2,86,100,58,0.0,1018.26,11,18,9.4
2017-11-24,5,12,-2,2,90,100,58,0.0,1019.83,5,13,8.0
2017-11-25,6,10,2,6,94,100,81,0.0,1013.06,7,18,7.7
2017-11-26,2,6,-1,1,98,100,87,0.0,1017.36,7,24,8.5
2017-11-27,-0,5,-6,-3,94,100,65,0.0,1023.30,3,7,8.5
2017-11-28,-3,1,-7,-4,94,100,81,0.0,1015.45,3,7,10.0
2017-11-29,0,1,0,0,99,100,93,0.0,1006.45,4,9,4.6
2017-11-03,9,16,2,6,84,100,55,0.0,1017.35,5,15,10.0
2017-11-30,0,1,0,0,100,100,93,0.0,1001.96,3,9,2.6
2017-11-04,9,13,5,7,89,100,67,0.0,1018.20,3,11,8.5
2017-11-05,12,16,9,9,85,100,63,0.0,1012.57,4,17,10.0
2017-11-06,8,10,6,6,94,100,82,0.0,1012.53,10,28,9.0
2017-11-07,6,7,5,5,96,100,87,0.0,1016.23,6,15,9.1
2017-11-08,6,8,5,6,98,100,93,0.0,1016.29,3,9,8.1
2017-11-09,8,9,6,7,97,100,87,0.0,1021.23,3,7,7.9
2017-12-01,0,1,-1,-0,99,100,93,0.0,1012.16,3,7,3.6
2017-12-10,-2,2,-7,-4,95,100,80,0.0,1009.58,6,18,6.2
2017-12-11,7,14,1,5,88,100,63,0.0,999.17,10,24,9.5
2017-12-12,9,13,5,7,89,100,67,0.0,1006.96,9,24,10.0
2017-12-13,3,6,0,1,98,100,87,0.0,1016.46,6,24,5.6
2017-12-14,2,5,0,3,97,100,81,0.0,1005.77,5,13,8.9
2017-12-15,5,8,1,5,97,100,87,0.0,998.60,5,13,8.7
2017-12-16,0,4,-3,-0,96,100,81,0.0,1006.78,3,7,7.2
2017-12-17,-3,-2,-4,-3,99,100,93,0.0,1018.23,3,7,1.7
2017-12-18,-3,-2,-4,-4,97,100,93,0.0,1023.77,3,7,5.1
2017-12-19,-5,-4,-6,-5,96,100,93,0.0,1030.66,4,11,4.3
2017-12-02,-2,2,-6,-2,95,100,81,0.0,1018.52,4,13,5.2
2017-12-20,-2,1,-5,-4,92,100,80,0.0,1031.89,4,9,7.1
2017-12-21,-4,-1,-8,-5,94,100,86,0.0,1032.39,3,7,6.9
2017-12-22,-2,1,-6,-3,97,100,87,0.0,1030.17,3,9,2.8
2017-12-23,-3,-2,-4,-3,98,100,93,0.0,1029.34,2,7,0.4
2017-12-24,-2,4,-7,-3,97,100,87,0.0,1025.73,3,7,5.7
2017-12-25,0,7,-7,-2,94,100,76,0.0,1023.53,4,13,7.3
2017-12-26,2,6,-1,2,97,100,87,0.0,1014.48,10,17,9.8
2017-12-27,4,8,1,4,94,100,87,0.0,997.73,5,18,9.4
2017-12-28,4,6,1,3,96,100,75,0.0,991.40,7,18,7.9
2017-12-29,-1,2,-4,-1,99,100,93,0.0,1008.51,4,13,3.9
2017-12-03,-5,-1,-9,-5,94,100,80,0.0,1021.06,4,11,9.1
2017-12-30,-2,0,-4,-2,98,100,93,0.0,1014.00,3,7,5.6
2017-12-31,2,8,-5,-1,91,100,66,0.0,1017.45,6,17,9.8
2017-12-04,-8,-4,-12,-9,93,100,85,0.0,1025.09,3,7,8.9
2017-12-05,-4,1,-10,-7,92,100,75,0.0,1030.91,3,7,9.3
2017-12-06,-2,4,-8,-5,93,100,75,0.0,1029.80,3,9,7.8
2017-12-07,-3,2,-8,-3,95,100,87,0.0,1026.46,7,15,9.7
2017-12-08,3,5,0,2,97,100,93,0.0,1013.23,7,13,7.2
2017-12-09,-2,1,-6,-2,96,100,74,0.0,1009.93,5,13,7.1
2017-01-01,-4,5,-12,-10,79,93,39,0.0,1023.81,2,6,n/a
2017-01-10,-8,-5,-10,-10,74,86,58,0.0,1017.27,7,20,8.8
2017-01-11,-10,-4,-17,-15,71,85,46,0.0,1018.69,3,7,10.0
2017-01-12,-6,1,-13,-9,75,93,59,0.0,1015.40,7,20,9.9
2017-01-13,1,3,-1,0,93,100,81,0.0,999.73,6,18,7.8
2017-01-14,-1,1,-3,-2,94,100,80,0.0,1006.37,4,9,5.9
2017-01-15,-3,0,-6,-5,95,100,80,0.0,1016.91,4,13,4.0
2017-01-16,-4,0,-7,-6,87,100,69,0.0,1017.21,3,7,9.2
2017-01-17,-0,3,-4,-7,70,86,38,0.0,1021.79,7,24,10.0
2017-01-18,-2,0,-4,-7,70,86,60,0.0,1028.77,6,15,10.0
2017-01-19,-2,2,-7,-8,67,86,48,0.0,1033.02,7,17,10.0
2017-01-02,-2,8,-11,-7,74,93,39,0.0,1017.52,4,15,10.0
2017-01-20,-6,0,-11,-9,80,93,55,0.0,1034.75,3,7,9.5
2017-01-21,-6,-1,-12,-10,83,93,64,0.0,1032.31,3,9,7.0
2017-01-22,-9,-6,-12,-10,92,100,85,0.0,1031.67,3,6,2.9
2017-01-23,-7,-4,-10,-8,90,93,80,0.0,1025.63,3,7,3.6
2017-01-24,-8,-5,-11,-9,87,93,80,0.0,1023.17,3,11,4.3
2017-01-25,-4,-3,-6,-8,76,86,69,0.0,1028.17,4,11,8.0
2017-01-26,-2,0,-4,-8,69,80,55,0.0,1030.96,5,13,10.0
2017-01-27,-4,1,-9,-9,71,93,52,0.0,1028.42,6,17,10.0
2017-01-28,-3,5,-11,-8,81,93,53,0.0,1023.65,2,7,n/a
2017-01-29,-7,-5,-9,-7,93,100,86,0.0,1025.13,1,6,1.6
2017-01-03,-2,4,-8,-5,77,93,52,0.0,1021.35,3,7,10.0
2017-01-30,-6,-5,-6,-7,95,100,93,0.0,1023.23,2,6,1.9
2017-01-31,-2,1,-6,-2,95,100,93,0.0,1019.25,2,9,2.1
2017-01-04,-3,4,-10,-7,83,100,52,0.0,1011.04,2,7,9.3
2017-01-05,-2,4,-9,-15,49,100,17,0.0,1013.63,10,33,10.0
2017-01-06,-4,-2,-7,-22,23,28,19,0.0,1026.65,21,35,10.0
2017-01-07,-10,-4,-15,-18,52,68,35,0.0,1028.54,2,6,10.0
2017-01-08,-10,-6,-13,-13,77,92,58,0.0,1024.60,1,7,10.0
2017-01-09,-10,-4,-15,-11,86,93,74,0.0,1022.37,1,7,8.8
2017-02-01,2,3,1,1,98,100,93,0.0,1019.06,2,7,1.0
2017-02-10,0,1,-1,-2,90,93,80,0.0,1025.15,1,7,6.3
2017-02-11,0,1,-1,-1,91,100,81,0.0,1025.25,2,6,3.9
2017-02-12,1,2,0,-0,94,100,87,0.0,1028.69,2,6,2.3
2017-02-13,1,2,0,-0,92,100,87,0.0,1032.46,3,13,2.3
2017-02-14,1,5,-4,-2,87,100,65,0.0,1034.81,4,9,4.8
2017-02-15,2,8,-5,-3,92,100,62,0.0,1035.10,3,7,2.8
2017-02-16,4,12,-5,-2,80,100,41,0.0,1031.64,3,7,8.0
2017-02-17,4,12,-5,-1,79,100,47,0.0,1023.34,4,13,6.7
2017-02-18,4,9,0,1,83,100,57,0.0,1023.65,3,15,7.6
2017-02-19,3,9,-3,-0,81,100,46,0.0,1023.75,3,7,10.0
2017-02-02,4,8,1,3,95,100,87,0.0,1019.00,4,11,7.0
2017-02-20,4,10,-3,-2,80,100,50,0.0,1021.40,3,7,10.0
2017-02-21,3,8,-2,0,84,93,66,0.0,1016.79,4,13,9.8
2017-02-22,5,10,0,2,82,100,66,0.0,1016.15,6,18,8.7
2017-02-23,6,10,3,3,77,87,66,0.0,1012.98,5,15,10.0
2017-02-24,4,9,0,4,87,100,71,0.0,1008.79,7,17,8.4
2017-02-25,2,8,-3,-1,85,100,50,0.0,1021.88,4,9,8.3
2017-02-26,2,10,-5,-2,80,100,40,0.0,1019.87,3,7,7.3
2017-02-27,6,14,-2,-2,67,100,23,0.0,1015.00,5,15,10.0
2017-02-28,8,11,5,3,70,87,58,0.0,1005.77,9,17,10.0
2017-02-03,5,7,3,5,98,100,93,0.0,1012.77,4,9,8.9
2017-02-04,4,9,0,3,95,100,82,0.0,1007.46,3,7,5.9
2017-02-05,2,6,-1,2,97,100,93,0.0,1006.85,3,13,3.5
2017-02-06,4,6,2,3,96,100,87,0.0,1005.98,6,15,9.4
2017-02-07,2,4,0,1,96,100,87,0.0,1015.00,2,11,7.4
2017-02-08,1,2,-1,-1,86,100,75,0.0,1019.83,5,15,7.0
2017-02-09,-1,0,-2,-4,81,93,75,0.0,1025.32,5,11,8.9
2017-03-01,4,9,-2,2,88,100,66,0.0,1007.35,8,20,9.9
2017-03-10,8,14,1,-4,51,100,23,0.0,1016.94,13,37,10.0
2017-03-11,8,14,0,-6,41,87,24,0.0,1020.06,14,32,10.0
2017-03-12,4,11,-4,-3,63,93,40,0.0,1017.23,6,18,10.0
2017-03-13,4,12,-4,-2,66,93,38,0.0,1022.48,4,9,10.0
2017-03-14,6,15,-3,-1,65,93,31,0.0,1027.02,4,18,10.0
2017-03-15,7,15,-1,0,68,93,36,0.0,1027.06,4,11,10.0
2017-03-16,7,16,-2,1,75,100,42,0.0,1023.27,5,13,10.0
2017-03-17,9,20,-2,2,68,100,32,0.0,1016.02,5,17,n/a
2017-03-18,8,16,1,3,74,93,51,0.0,1008.65,6,17,9.1
2017-03-19,8,15,1,5,83,100,63,0.0,1010.60,4,11,8.3
2017-03-02,6,13,-2,1,83,100,51,0.0,1014.43,4,13,10.0
2017-03-20,12,20,4,7,75,100,46,0.0,1011.83,5,22,9.1
2017-03-21,10,18,3,6,72,100,48,0.0,1011.04,7,20,10.0
2017-03-22,10,13,6,8,88,100,77,0.0,1012.35,2,7,10.0
2017-03-23,12,18,6,7,78,100,49,0.0,1016.71,3,9,9.0
2017-03-24,11,20,2,5,73,100,37,0.0,1022.09,4,11,10.0
2017-03-25,10,17,4,4,71,93,37,0.0,1023.27,4,11,10.0
2017-03-26,5,10,-1,0,78,100,47,0.0,1020.33,5,20,10.0
2017-03-27,6,15,-4,-4,60,100,22,0.0,1024.87,6,13,n/a
2017-03-28,8,20,-3,-2,59,93,26,0.0,1023.70,4,9,n/a
2017-03-29,10,22,-1,1,60,93,25,0.0,1023.47,4,13,10.0
2017-03-03,6,13,0,3,80,100,54,0.0,1018.28,4,9,10.0
2017-03-30,12,22,2,3,57,87,27,0.0,1025.40,5,15,10.0
2017-03-31,12,22,3,4,61,93,29,0.0,1022.94,5,15,10.0
2017-03-04,9,12,6,6,81,93,58,0.0,1009.35,7,18,9.8
2017-03-05,8,10,5,5,83,93,66,0.0,1007.92,6,17,10.0
2017-03-06,7,11,3,4,85,100,62,0.0,1004.43,5,13,10.0
2017-03-07,8,13,2,-1,62,100,23,0.0,1006.62,7,22,10.0
2017-03-08,6,14,-1,-2,59,87,27,0.0,1019.57,5,17,10.0
2017-03-09,6,13,-1,1,72,93,38,0.0,1018.62,5,18,10.0
2017-04-01,12,22,2,3,59,93,30,0.0,1016.18,5,20,10.0
2017-04-10,14,23,4,7,65,100,33,0.0,1019.91,5,20,10.0
2017-04-11,10,16,5,7,82,100,52,0.0,1018.00,5,18,9.9
2017-04-12,10,17,4,5,74,100,42,0.0,1019.72,3,9,8.0
2017-04-13,13,21,5,7,75,94,40,0.0,1011.19,4,17,10.0
2017-04-14,14,20,9,8,69,94,40,0.0,1013.63,5,18,10.0
2017-04-15,12,14,9,9,84,94,67,0.0,1014.64,7,13,9.9
2017-04-16,10,16,4,7,85,100,55,0.0,1013.62,5,22,8.6
2017-04-17,8,13,3,3,76,100,41,0.0,1015.02,4,17,9.8
2017-04-18,4,7,2,3,89,100,65,0.0,1013.12,5,18,10.0
2017-04-19,4,8,0,-6,52,100,25,0.0,1015.62,10,32,10.0
2017-04-02,12,21,4,3,60,87,28,0.0,1016.35,7,15,10.0
2017-04-20,7,10,4,-11,28,36,23,0.0,1023.07,20,30,10.0
2017-04-21,4,13,-4,-6,49,80,24,0.0,1026.79,5,13,10.0
2017-04-22,8,17,-2,-1,58,86,32,0.0,1019.85,4,15,10.0
2017-04-23,7,9,5,3,79,93,62,0.0,1019.09,6,15,9.9
2017-04-24,8,12,5,5,80,100,58,0.0,1019.65,3,11,10.0
2017-04-25,13,16,10,8,73,87,59,0.0,1013.10,7,20,10.0
2017-04-26,12,14,11,9,80,94,63,0.0,1009.65,5,13,10.0
2017-04-27,12,14,11,11,92,100,82,0.0,1007.80,7,18,8.0
2017-04-28,12,15,8,7,79,100,41,0.0,1005.49,14,28,7.8
2017-04-29,8,14,2,1,65,93,33,0.0,1015.94,6,15,10.0
2017-04-03,12,23,2,2,55,93,20,0.0,1017.44,6,28,10.0
2017-04-30,8,15,0,1,65,93,38,0.0,1016.46,7,22,10.0
2017-04-04,12,22,3,5,70,94,35,0.0,1017.38,5,20,10.0
2017-04-05,12,16,7,8,83,100,55,0.0,1017.17,4,9,7.1
2017-04-06,12,17,7,6,71,93,48,0.0,1016.07,7,28,10.0
2017-04-07,10,17,2,2,67,93,34,0.0,1018.66,5,13,10.0
2017-04-08,12,22,3,5,64,100,29,0.0,1020.67,6,20,10.0
2017-04-09,14,21,8,6,61,87,35,0.0,1024.38,6,17,10.0
2017-05-01,12,18,6,5,62,87,40,0.0,1012.56,5,15,10.0
2017-05-10,10,15,4,4,71,93,51,0.0,1013.44,7,17,10.0
2017-05-11,12,17,6,9,80,94,67,0.0,1009.74,6,13,10.0
2017-05-12,18,22,13,12,77,94,46,0.0,1006.56,4,18,10.0
2017-05-13,16,21,11,12,79,100,56,0.0,1011.96,7,18,10.0
2017-05-14,18,24,13,13,78,94,44,0.0,1019.51,7,20,10.0
2017-05-15,16,19,12,13,86,100,68,0.0,1025.73,3,9,9.4
2017-05-16,16,24,7,10,68,100,38,0.0,1027.21,4,11,10.0
2017-05-17,18,22,13,11,67,88,46,0.0,1024.06,5,13,10.0
2017-05-18,16,25,8,9,63,94,29,0.0,1018.21,3,13,10.0
2017-05-19,16,25,8,9,62,94,34,0.0,1013.76,6,18,10.0
2017-05-02,12,18,6,6,69,100,37,0.0,1015.58,5,11,9.7
2017-05-20,14,20,8,10,81,100,52,0.0,1015.17,5,13,9.3
2017-05-21,17,23,11,10,69,100,38,0.0,1019.21,5,15,8.7
2017-05-22,16,25,8,10,68,94,38,0.0,1018.62,5,22,10.0
2017-05-23,18,25,10,12,71,100,38,0.0,1017.04,5,20,10.0
2017-05-24,18,22,13,13,76,94,53,0.0,1017.17,5,13,10.0
2017-05-25,16,21,10,10,69,94,46,0.0,1018.71,6,18,10.0
2017-05-26,15,23,7,8,64,93,36,0.0,1019.02,5,13,10.0
2017-05-27,17,26,8,10,62,93,34,0.0,1020.42,5,17,10.0
2017-05-28,18,26,10,11,63,94,39,0.0,1022.35,5,17,10.0
2017-05-29,20,28,11,12,66,94,39,0.0,1018.06,5,17,10.0
2017-05-03,10,19,2,4,67,93,28,0.0,1017.11,5,15,10.0
2017-05-30,21,29,13,15,69,100,45,0.0,1015.44,4,20,10.0
2017-05-31,22,29,14,14,66,94,40,0.0,1018.25,4,24,10.0
2017-05-04,10,16,3,6,74,93,55,0.0,1015.21,5,20,10.0
2017-05-05,12,16,7,7,81,100,59,0.0,1015.40,4,15,10.0
2017-05-06,11,19,3,6,73,100,40,0.0,1014.15,6,24,10.0
2017-05-07,14,19,9,10,82,100,59,0.0,1008.10,5,18,10.0
2017-05-08,14,21,7,9,80,100,43,0.0,1009.98,4,13,10.0
2017-05-09,11,15,7,9,85,100,63,0.0,1011.32,7,28,9.7
2017-06-01,21,28,14,15,69,94,39,0.0,1019.22,5,15,10.0
2017-06-10,18,26,10,11,67,94,39,0.0,1017.98,5,15,10.0
2017-06-11,20,26,13,11,62,94,36,0.0,1020.28,4,13,10.0
2017-06-12,20,30,11,14,68,94,45,0.0,1016.08,4,18,10.0
2017-06-13,22,30,15,16,69,94,42,0.0,1014.71,5,13,10.0
2017-06-14,18,22,15,14,76,94,49,0.0,1016.94,5,15,10.0
2017-06-15,20,27,13,14,70,100,42,0.0,1017.70,4,11,10.0
2017-06-16,21,27,15,16,78,94,51,0.0,1016.10,4,17,10.0
2017-06-17,19,25,13,12,69,100,27,0.0,1017.85,5,17,8.5
2017-06-18,18,26,9,9,58,87,34,0.0,1021.32,4,15,10.0
2017-06-19,18,27,10,11,61,94,34,0.0,1022.54,4,15,10.0
2017-06-02,20,27,14,14,69,88,42,0.0,1017.83,7,20,10.0
2017-06-20,21,30,12,14,63,94,35,0.0,1018.44,5,22,10.0
2017-06-21,24,32,15,15,65,88,36,0.0,1016.02,10,35,10.0
2017-06-22,23,32,14,16,69,100,38,0.0,1016.55,5,15,9.6
2017-06-23,26,32,19,17,62,88,34,0.0,1015.12,9,18,10.0
2017-06-24,24,32,17,19,75,94,43,0.0,1015.85,4,22,10.0
2017-06-25,20,24,17,19,91,100,78,0.0,1013.85,2,26,9.5
2017-06-26,22,28,15,16,73,100,39,0.0,1014.77,3,13,9.5
2017-06-27,20,26,15,16,80,94,54,0.0,1011.83,3,18,10.0
2017-06-28,20,26,15,16,89,100,57,0.0,1005.83,4,18,9.5
2017-06-29,19,24,14,14,79,100,47,0.0,1002.83,5,22,9.7
2017-06-03,20,26,13,15,75,94,44,0.0,1015.77,4,11,10.0
2017-06-30,18,24,11,12,71,94,36,0.0,1009.60,5,18,10.0
2017-06-04,20,28,12,13,66,100,32,0.0,1012.71,6,26,10.0
2017-06-05,20,23,16,13,73,88,50,0.0,1014.94,3,13,9.7
2017-06-06,18,22,13,14,85,94,60,0.0,1009.83,5,26,9.7
2017-06-07,13,15,11,11,87,94,77,0.0,1016.04,8,22,10.0
2017-06-08,14,21,6,8,69,100,35,0.0,1021.62,5,15,10.0
2017-06-09,16,25,8,9,64,93,28,0.0,1017.71,3,11,10.0
2017-07-01,19,24,14,13,72,100,38,0.0,1012.04,4,13,9.9
2017-07-10,25,31,19,16,59,88,33,0.0,1012.31,5,20,10.0
2017-07-11,23,30,16,16,66,100,40,0.0,1013.36,5,18,9.7
2017-07-12,22,29,16,16,73,100,45,0.0,1014.28,3,15,9.1
2017-07-13,21,26,16,17,83,100,54,0.0,1016.04,4,11,9.9
2017-07-14,18,21,15,12,72,94,46,0.0,1016.56,8,17,10.0
2017-07-15,18,24,11,9,60,100,31,0.0,1017.06,5,20,10.0
2017-07-16,16,23,8,8,60,87,33,0.0,1022.12,4,13,10.0
2017-07-17,18,27,8,10,64,93,34,0.0,1022.37,3,9,10.0
2017-07-18,20,29,11,12,63,94,32,0.0,1020.42,4,9,10.0
2017-07-19,22,30,13,14,64,94,33,0.0,1017.02,5,20,10.0
2017-07-02,16,22,10,12,73,94,46,0.0,1015.13,3,11,10.0
2017-07-20,22,30,14,15,66,94,40,0.0,1013.28,5,20,10.0
2017-07-21,23,31,15,15,66,94,35,0.0,1014.33,3,9,10.0
2017-07-22,24,31,18,16,61,88,35,0.0,1014.25,6,18,10.0
2017-07-23,23,31,15,16,65,94,38,0.0,1014.33,5,20,10.0
2017-07-24,19,22,16,17,85,94,68,0.0,1008.35,8,15,9.8
2017-07-25,18,24,12,12,80,100,41,0.0,1006.30,5,33,8.8
2017-07-26,14,21,8,12,81,100,53,0.0,1006.44,5,13,10.0
2017-07-27,19,25,13,12,73,94,41,0.0,1010.40,4,11,10.0
2017-07-28,22,29,15,14,67,94,35,0.0,1012.72,4,18,10.0
2017-07-29,22,29,15,15,69,88,42,0.0,1018.32,4,9,10.0
2017-07-03,20,25,14,13,70,100,47,0.0,1019.36,4,20,10.0
2017-07-30,22,29,16,17,74,94,45,0.0,1016.48,4,18,10.0
2017-07-31,24,32,16,17,70,100,38,0.0,1018.04,4,11,10.0
2017-07-04,20,27,13,14,69,100,42,0.0,1021.15,3,15,10.0
2017-07-05,21,29,13,15,70,94,45,0.0,1019.58,4,15,10.0
2017-07-06,23,32,14,15,62,94,29,0.0,1018.76,3,13,10.0
2017-07-07,24,31,16,16,71,94,43,0.0,1018.02,4,24,10.0
2017-07-08,24,32,17,17,69,94,40,0.0,1016.81,5,17,10.0
2017-07-09,26,32,19,17,60,83,33,0.0,1014.94,8,17,10.0
2017-08-01,26,34,17,18,66,94,38,0.0,1019.40,4,11,10.0
2017-08-10,23,28,18,19,83,100,54,0.0,1015.02,7,26,10.0
2017-08-11,20,25,16,15,77,100,36,0.0,1012.36,6,18,9.4
2017-08-12,18,22,13,13,76,94,57,0.0,1015.15,5,15,10.0
2017-08-13,19,27,11,13,69,100,37,0.0,1018.77,6,15,10.0
2017-08-14,20,27,13,14,67,94,39,0.0,1021.76,5,11,10.0
2017-08-15,20,28,13,14,67,94,37,0.0,1021.37,4,13,10.0
2017-08-16,22,30,14,15,73,94,37,0.0,1020.04,4,22,9.9
2017-08-17,22,30,15,16,72,100,40,0.0,1020.11,4,9,10.0
2017-08-18,23,31,15,16,69,94,35,0.0,1018.15,3,11,10.0
2017-08-19,20,25,16,16,80,94,57,0.0,1015.96,5,17,9.9
2017-08-02,26,35,17,17,64,88,32,0.0,1018.43,6,33,9.7
2017-08-20,18,23,12,12,76,100,43,0.0,1019.79,6,20,9.9
2017-08-21,16,23,8,9,67,100,36,0.0,1021.40,5,17,10.0
2017-08-22,15,23,7,9,69,100,38,0.0,1020.77,3,9,10.0
2017-08-23,17,26,8,11,71,100,39,0.0,1018.72,2,7,10.0
2017-08-24,20,29,11,14,73,94,42,0.0,1019.15,3,13,10.0
2017-08-25,22,31,13,15,71,94,40,0.0,1019.96,4,13,10.0
2017-08-26,22,31,14,17,75,100,46,0.0,1018.33,3,13,10.0
2017-08-27,24,32,16,16,67,100,29,0.0,1016.29,4,26,10.0
2017-08-28,20,27,14,14,78,100,48,0.0,1018.11,6,20,9.7
2017-08-29,18,25,12,14,82,100,50,0.0,1019.27,3,11,7.4
2017-08-03,26,34,17,18,69,100,26,0.0,1017.81,4,11,10.0
2017-08-30,18,27,10,13,76,100,39,0.0,1017.54,3,7,10.0
2017-08-31,20,29,12,14,69,100,40,0.0,1015.08,6,24,10.0
2017-08-04,28,36,19,19,66,94,32,0.0,1013.44,3,15,10.0
2017-08-05,26,33,19,19,67,94,40,0.0,1014.68,6,15,10.0
2017-08-06,23,29,17,19,75,94,48,0.0,1015.81,8,44,9.8
2017-08-07,20,25,16,14,70,100,41,0.0,1019.89,7,17,9.9
2017-08-08,22,28,15,16,70,94,48,0.0,1016.66,5,11,10.0
2017-08-09,24,30,17,19,75,94,55,0.0,1015.92,5,17,10.0
2017-09-01,17,20,14,15,91,100,77,0.0,1014.26,4,26,9.7
2017-09-10,16,17,14,15,96,100,88,0.0,1006.31,4,11,7.1
2017-09-11,16,18,15,16,97,100,88,0.0,1004.06,4,15,7.6
2017-09-12,12,16,9,11,93,100,77,0.0,1009.08,7,24,9.4
2017-09-13,12,19,6,8,83,100,49,0.0,1018.10,5,22,6.1
2017-09-14,13,18,8,12,91,100,73,0.0,1012.79,8,20,9.8
2017-09-15,10,12,9,9,93,100,82,0.0,1016.35,9,20,9.7
2017-09-16,12,13,10,11,96,100,88,0.0,1011.61,4,15,8.7
2017-09-17,14,17,9,11,90,100,67,0.0,1011.42,6,24,8.1
2017-09-18,12,16,9,10,91,100,72,0.0,1015.90,5,18,10.0
2017-09-19,8,10,7,7,94,100,87,0.0,1011.96,11,17,9.9
2017-09-02,14,18,11,13,88,100,72,0.0,1012.31,11,28,10.0
2017-09-20,10,13,6,8,90,100,58,0.0,1014.79,7,24,9.4
2017-09-21,12,20,3,6,80,100,33,0.0,1018.25,3,9,8.0
2017-09-22,12,19,4,7,84,100,55,0.0,1020.58,3,9,10.0
2017-09-23,12,20,4,9,86,100,52,0.0,1020.71,3,11,10.0
2017-09-24,12,14,11,12,95,100,88,0.0,1020.08,3,7,8.6
2017-09-25,13,15,11,11,95,100,82,0.0,1021.15,3,9,8.0
2017-09-26,12,14,10,11,95,100,88,0.0,1023.02,5,13,9.2
2017-09-27,14,17,10,12,92,100,77,0.0,1025.04,3,7,10.0
2017-09-28,12,19,6,9,82,100,49,0.0,1027.43,7,24,9.5
2017-09-29,12,18,5,8,82,100,52,0.0,1026.04,4,20,8.7
2017-09-03,14,19,10,9,75,100,40,0.0,1011.67,5,13,10.0
2017-09-30,12,17,6,7,75,100,42,0.0,1022.80,4,15,10.0
2017-09-04,13,22,4,8,77,100,43,0.0,1017.11,4,15,10.0
2017-09-05,16,23,8,10,76,100,38,0.0,1020.41,5,11,10.0
2017-09-06,16,24,9,12,81,100,53,0.0,1017.19,4,17,10.0
2017-09-07,14,15,12,13,95,100,88,0.0,1016.17,5,18,9.6
2017-09-08,14,17,12,12,90,100,68,0.0,1015.42,3,9,9.7
2017-09-09,14,19,10,13,91,100,68,0.0,1007.60,4,9,8.5
